road_no,tesecn_start_rrd,tesecn_end_rrd,tesecn_id,tesecn_volume,traffic_score,crashes_30m,has_crash_near_segment,fatal_serious_30m,child_30m,ped_30m,severity_weighted_30m,high_risk,cv_percent,rlcwy_code,rlcwy_code_binary
5610,0.0,2.85,3287376.0,37300,24000.0,458,True,15,10,24,778,1,4.5,L,1
5232,0.0,3.33,11415136.0,2900,1900.0,45,True,2,3,5,105,1,4.5,U,0
4015,0.0,0.32,3286558.0,2400,2000.0,3,True,0,0,0,3,0,10.5,U,0
6146,6.16,6.89,4219422.0,30700,17800.0,77,True,1,5,5,137,1,3.0,U,0
8400,351.45,353.48,3288374.0,12600,16000.0,61,True,1,1,2,86,1,23.0,L,1
5600,0.49,1.23,6077820.0,10700,6400.0,24,True,0,0,4,44,0,3.5,L,1
3873,25.08,26.57,6379331.0,1600,1400.0,1,True,0,0,0,1,0,12.0,U,0
4763,4.91,10.2,3287052.0,21900,16300.0,68,True,9,1,6,193,1,7.5,L,1
6140,3.9,4.58,3719886.0,11400,6200.0,35,True,1,0,4,65,0,1.5,L,1
7620,7.4,15.67,7214603.0,3000,3800.0,3,True,2,0,0,23,0,23.5,U,0
5603,3.89,4.12,3287365.0,12500,7300.0,48,True,3,1,3,98,1,3.0,U,0
4880,39.75,40.12,12466730.0,2200,2100.0,6,True,1,0,0,16,0,12.5,U,0
3400,276.73,300.85,3286375.0,900,1300.0,6,True,2,0,0,26,0,28.0,U,0
4500,0.0,2.2,3286827.0,53800,48700.0,129,True,5,2,4,209,1,12.5,L,1
8000,110.61,111.31,6411142.0,3500,4100.0,1,True,0,0,0,1,0,20.0,U,0
5610,9.78,10.1,12381591.0,14400,8700.0,29,True,1,0,3,54,0,3.5,L,1
4766,0.33,2.51,3287064.0,11800,7400.0,38,True,4,1,7,118,1,4.0,U,0
5400,4.84,6.11,3287288.0,27000,16900.0,50,True,4,2,3,115,1,4.0,L,1
3160,184.46,191.75,12458901.0,2900,3100.0,5,True,1,0,1,20,0,17.0,U,0
4015,46.64,48.78,3286570.0,1100,950.0,2,True,0,0,0,2,0,10.0,U,0
6780,1.78,2.09,13115663.0,33600,32000.0,1,True,0,0,0,1,0,13.5,L,1
7506,2.21,3.5,6393823.0,6100,4800.0,7,True,0,0,1,12,0,9.0,U,0
5405,1.17,1.54,3287305.0,38800,22900.0,83,True,2,3,4,138,1,3.0,L,1
3326,45.19,45.77,3286354.0,650,850.0,1,True,0,0,0,1,0,24.5,U,0
4489,26.42,26.81,3286795.0,5400,3200.0,11,True,0,0,1,16,0,3.0,U,0
17087,0.0,3.51,7909503.0,200,220.0,0,False,0,0,0,0,0,17.5,U,0
6780,13.48,14.42,5101555.0,44800,40200.0,13,True,0,0,0,13,0,12.0,L,1
5863,0.87,1.61,3287600.0,9500,6000.0,13,True,2,0,4,53,0,4.0,U,0
86410,0.0,0.86,13128150.0,420,380.0,0,False,0,0,0,0,0,12.0,U,0
7515,3.58,7.95,3288262.0,1800,1800.0,11,True,3,1,2,56,0,15.5,U,0
5403,1.15,2.33,3287294.0,16800,9900.0,41,True,0,1,1,51,0,3.0,U,0
3160,201.3,225.75,12188020.0,1800,1700.0,19,True,2,0,1,44,0,13.0,U,0
6780,2.96,8.97,4004173.0,77800,67300.0,168,True,5,5,6,273,1,11.0,L,1
5836,1.33,2.32,4346927.0,22600,13700.0,44,True,2,2,2,84,1,3.5,L,1
5400,6.11,7.21,3715769.0,35800,22600.0,82,True,2,4,3,137,1,4.5,L,1
3320,0.0,24.67,3286345.0,220,210.0,8,True,1,1,4,43,0,14.0,U,0
6610,4.36,4.62,3288049.0,31900,19000.0,24,True,0,0,1,29,0,3.0,L,1
84806,0.0,13.38,3288540.0,300,480.0,1,True,0,0,0,1,0,31.5,U,0
53223,0.0,0.52,11267176.0,6300,5600.0,10,True,1,0,1,25,0,12.0,U,0
5400,1.29,2.35,3287283.0,21500,13300.0,22,True,2,0,1,47,0,3.5,U,0
3400,309.48,310.21,6406922.0,1800,2300.0,2,True,0,0,0,2,0,23.0,U,0
7100,116.67,160.81,3288111.0,750,950.0,10,True,1,0,1,25,0,22.5,U,0
3873,0.0,1.88,3286523.0,2600,2300.0,9,True,2,1,1,39,0,12.5,U,0
6866,0.54,2.38,4695781.0,19300,11100.0,32,True,2,1,1,62,0,2.5,L,1
3873,84.31,84.88,3286528.0,650,750.0,3,True,0,0,0,3,0,20.0,U,0
4138,0.32,1.37,3286615.0,1600,1200.0,4,True,0,0,0,4,0,7.5,U,0
8400,302.99,304.17,3288359.0,4800,4600.0,8,True,1,0,0,18,0,13.5,U,0
4404,0.0,0.18,3286714.0,6300,5400.0,5,True,0,0,0,5,0,10.5,U,0
4688,5.61,8.18,13117843.0,12800,10800.0,18,True,2,2,0,48,0,10.0,U,0
3160,20.89,23.48,6235797.0,900,1000.0,4,True,0,0,1,9,0,18.0,U,0
1000,389.76,756.15,3286164.0,470,900.0,57,True,16,0,2,227,1,40.5,U,0
4423,3.24,4.19,7011618.0,4300,4100.0,12,True,3,1,2,57,0,13.0,U,0
6164,0.82,0.99,11241567.0,21000,12700.0,18,True,0,1,2,33,0,3.5,L,1
5232,5.28,5.96,11415404.0,700,460.0,3,True,0,0,0,3,0,5.0,U,0
1100,101.96,116.71,7689606.0,380,480.0,1,True,0,0,0,1,0,22.5,U,0
6146,1.36,1.43,12384863.0,43600,25000.0,124,True,1,2,8,184,1,2.5,L,1
5610,8.8,8.96,11241299.0,20800,18900.0,36,True,3,1,10,121,1,12.5,L,1
6152,0.41,0.83,11235458.0,13400,7700.0,15,True,0,0,2,25,0,2.5,U,0
5610,5.07,5.87,3287379.0,48000,29100.0,172,True,5,1,5,252,1,3.5,L,1
4766,2.51,3.83,3287065.0,6300,3900.0,19,True,3,2,0,59,0,3.5,U,0
43705,0.0,2.13,3288503.0,3600,2500.0,11,True,0,0,0,11,0,6.0,U,0
4018,0.0,0.31,3286579.0,1200,1050.0,3,True,1,0,1,18,0,11.5,L,1
4646,0.49,1.22,4696099.0,39100,24900.0,58,True,0,2,0,68,0,4.0,L,1
8486,0.9,1.02,13460263.0,4700,2800.0,2,True,1,0,0,12,0,3.0,U,0
6143,4.03,4.47,3287722.0,31600,19100.0,61,True,1,0,5,96,1,3.5,L,1
7800,61.48,125.7,3288280.0,4400,9000.0,40,True,5,1,0,95,1,45.5,U,0
5610,9.63,9.78,12381590.0,14400,8800.0,24,True,0,0,5,49,0,3.5,L,1
4766,7.35,8.54,4748317.0,5900,3800.0,12,True,1,0,1,27,0,4.5,U,0
53231,0.0,0.6,11267178.0,2000,2100.0,2,True,0,0,0,2,0,17.0,U,0
4015,75.1,75.84,3286572.0,1300,1100.0,0,False,0,0,0,0,0,11.0,U,0
6185,2.19,2.74,3287748.0,51000,30200.0,102,True,0,2,9,157,1,3.0,L,1
7620,28.1,29.02,3288266.0,7000,4100.0,18,True,1,1,1,38,0,3.0,U,0
5606,0.0,1.09,3287366.0,22100,13900.0,72,True,1,0,3,97,1,4.0,L,1
5000,12.93,13.05,11208826.0,14200,9000.0,30,True,3,2,1,75,1,4.0,U,0
4495,0.0,6.46,3286813.0,2500,1800.0,8,True,2,0,0,28,0,7.0,U,0
6607,3.02,3.31,4428271.0,29300,17200.0,34,True,1,2,1,59,0,3.0,L,1
5851,3.82,5.07,3287583.0,26500,16300.0,115,True,4,3,10,220,1,3.5,L,1
7620,25.4,28.1,6446916.0,4900,5600.0,16,True,5,1,0,71,0,19.5,U,0
6021,31.23,35.12,4689913.0,1000,1200.0,6,True,0,0,0,6,0,19.0,U,0
5006,2.06,3.78,3287115.0,11900,7100.0,46,True,1,2,0,66,0,3.5,U,0
5300,28.76,35.29,13036611.0,76600,81000.0,97,True,5,2,3,172,1,16.5,L,1
5054,0.98,1.56,4428126.0,8100,5000.0,32,True,2,0,4,72,1,4.0,U,0
43703,0.0,0.2,3288499.0,5100,4000.0,1,True,0,0,0,1,0,9.0,U,0
4489,51.52,62.7,3286807.0,2500,3100.0,18,True,1,1,2,43,0,22.0,U,0
6202,0.54,0.79,12386724.0,3400,4200.0,14,True,0,0,0,14,0,22.0,U,0
7700,100.04,133.45,3288274.0,950,1500.0,14,True,5,1,2,79,1,33.5,U,0
5610,9.27,9.45,11241306.0,19800,18600.0,39,True,1,1,3,69,0,13.0,L,1
5036,3.67,3.91,4776398.0,7300,4500.0,6,True,0,2,1,21,0,4.0,U,0
44821,0.0,0.87,3288512.0,12600,8100.0,21,True,1,2,4,61,0,4.5,U,0
4498,0.0,1.82,12855915.0,2900,2200.0,11,True,2,1,2,46,0,8.0,U,0
6202,1.5,1.73,7188732.0,5200,7300.0,16,True,1,0,2,36,0,27.0,U,0
5863,2.94,4.38,3287602.0,11100,6200.0,34,True,1,1,6,79,1,2.0,U,0
7620,0.0,7.4,3288265.0,2000,2800.0,7,True,1,0,0,17,0,25.0,U,0
5627,3.79,5.6,7392194.0,17400,10500.0,125,True,3,2,19,260,1,3.5,L,1
5015,0.0,0.81,3287120.0,600,350.0,4,True,0,0,0,4,0,2.5,U,0
6610,3.95,4.36,13115360.0,26000,14700.0,27,True,0,1,1,37,0,2.5,L,1
5851,3.33,3.82,4747834.0,28400,16800.0,89,True,8,1,8,214,1,3.0,L,1
7700,0.0,14.67,3288269.0,1000,1400.0,11,True,2,0,0,31,0,27.0,U,0
5609,0.96,1.32,3287372.0,22900,13500.0,38,True,0,2,5,73,1,3.0,U,0
5000,18.72,19.33,4714653.0,8700,5100.0,15,True,0,0,2,25,0,3.0,U,0
5406,12.01,12.34,13001132.0,16400,15900.0,6,True,1,0,1,21,0,14.0,L,1
3323,7.93,12.91,3286348.0,490,490.0,1,True,0,0,1,6,0,15.5,U,0
6780,1.58,1.76,13115667.0,52300,46400.0,21,True,0,1,3,41,0,11.5,L,1
5836,0.0,0.14,3287553.0,9600,5600.0,18,True,2,0,3,53,0,3.0,L,1
7880,0.0,0.5,3288289.0,1400,1700.0,0,False,0,0,0,0,0,21.5,U,0
3497,3.32,4.29,6410525.0,2100,2400.0,2,True,0,0,0,2,0,19.0,U,0
6610,3.29,3.95,3288046.0,30600,18100.0,116,True,4,3,4,191,1,3.0,L,1
5833,5.65,7.25,3287547.0,37800,25200.0,99,True,1,1,4,134,1,5.5,L,1
2400,135.08,136.28,3286219.0,1000,1200.0,2,True,0,0,0,2,0,20.0,U,0
5621,1.05,1.48,11235456.0,8300,4400.0,9,True,0,0,0,9,0,1.0,U,0
8329,0.0,33.31,3288335.0,410,410.0,6,True,3,1,0,41,0,14.5,U,0
3486,4.73,5.25,6410462.0,2700,2800.0,1,True,0,0,0,1,0,15.5,U,0
6604,2.32,4.03,3288001.0,37200,23600.0,109,True,5,3,6,204,1,4.5,L,1
5851,0.51,0.72,7923605.0,11600,6800.0,13,True,0,0,1,18,0,3.0,L,1
2200,231.67,332.46,3286206.0,280,360.0,7,True,1,0,0,17,0,23.0,U,0
8326,0.19,1.85,3288333.0,1100,1200.0,2,True,0,0,0,2,0,17.5,U,0
62039,0.37,0.93,13149525.0,15500,11700.0,51,True,0,0,1,56,0,7.5,U,0
3497,4.47,5.19,6410527.0,1100,1200.0,0,False,0,0,0,0,0,16.5,U,0
6604,4.07,4.54,3288003.0,34200,22100.0,56,True,2,0,2,86,1,4.5,L,1
2415,10.6,10.92,3286237.0,4900,4900.0,3,True,0,0,0,3,0,15.5,U,0
3400,362.12,371.16,3286382.0,1500,1800.0,8,True,2,1,1,38,0,19.5,U,0
10050,28.31,36.62,12458747.0,36,25.0,0,False,0,0,0,0,0,5.5,U,0
2000,706.46,794.56,3286187.0,750,1300.0,24,True,6,2,1,99,1,37.5,U,0
10014,0.0,7.7,12113620.0,130,130.0,0,False,0,0,0,0,0,16.0,U,0
6866,2.38,3.44,7301386.0,17500,10100.0,41,True,4,1,6,116,1,2.5,L,1
6120,0.55,1.11,11240746.0,6700,4000.0,69,True,8,1,21,259,1,3.5,U,0
2000,448.72,480.25,3286177.0,800,1500.0,7,True,0,0,0,7,0,40.0,U,0
8661,0.0,0.14,3288424.0,3200,3100.0,1,True,1,0,1,16,0,14.0,U,0
7015,34.45,36.38,3288097.0,2300,2900.0,1,True,0,0,0,1,0,24.0,U,0
6033,0.0,0.22,3287683.0,23500,19400.0,80,True,4,1,2,135,1,10.0,L,1
5202,0.0,0.69,3287190.0,6000,3300.0,9,True,0,1,1,19,0,1.5,U,0
3160,59.8,62.7,3286317.0,650,700.0,0,False,0,0,0,0,0,18.5,U,0
7100,5.23,15.36,3288107.0,800,1100.0,1,True,0,0,0,1,0,26.5,U,0
6039,9.79,12.0,4754506.0,3500,2300.0,17,True,1,0,1,32,0,5.0,U,0
5063,6.46,6.54,13161966.0,24300,15100.0,54,True,4,1,4,119,1,4.0,U,0
5824,1.26,1.44,3287507.0,19600,11300.0,22,True,0,2,3,47,0,2.5,L,1
7100,94.08,116.67,3288110.0,600,850.0,2,True,0,0,0,2,0,28.5,U,0
6012,1.43,1.63,3287629.0,42800,28100.0,80,True,4,4,7,175,1,5.0,L,1
6122,1.67,1.88,13146871.0,6400,3500.0,32,True,1,0,8,82,1,1.5,U,0
5201,1.3,4.24,3287186.0,24400,14600.0,127,True,8,4,7,262,1,3.5,L,1
61461,0.0,0.17,12384862.0,3000,1800.0,156,True,1,2,9,221,1,3.0,U,0
5651,0.75,1.22,3287457.0,19300,11800.0,44,True,4,3,5,124,1,3.5,L,1
6015,1.82,2.73,3287649.0,28000,15600.0,55,True,0,0,5,80,1,2.0,L,1
4127,3.96,31.28,3286611.0,750,700.0,6,True,1,0,0,16,0,12.0,U,0
5218,10.61,12.25,3287237.0,27900,18200.0,120,True,3,1,5,180,1,5.0,L,1
6586,3.87,4.91,3287966.0,33600,20500.0,84,True,4,2,10,184,1,3.5,L,1
4787,0.0,12.03,3287077.0,1400,1300.0,16,True,4,1,0,61,0,13.0,U,0
5221,6.62,6.82,4691832.0,39100,22900.0,44,True,3,2,6,114,1,3.0,L,1
6592,5.91,6.14,3287983.0,52900,30900.0,18,True,0,0,3,33,0,3.0,L,1
4640,68.54,69.02,4329000.0,7800,6900.0,1,True,0,0,0,1,0,11.5,U,0
4879,59.27,62.86,7690327.0,550,500.0,1,True,0,0,0,1,0,12.5,U,0
17000,0.0,120.57,6234759.0,19,12.0,1,True,0,0,0,1,0,5.5,U,0
4615,0.0,3.04,3286940.0,3500,2600.0,19,True,0,2,3,44,0,7.5,U,0
4879,29.29,37.09,6401295.0,130,100.0,2,True,1,0,0,12,0,9.0,U,0
15060,9.11,13.61,7902563.0,27,38.0,1,True,1,0,0,11,0,26.0,U,0
4793,21.38,30.41,5154003.0,1700,1300.0,7,True,2,0,0,27,0,8.0,U,0
7200,0.0,2.85,3288128.0,32500,21500.0,232,True,5,5,7,342,1,5.0,L,1
4489,26.81,29.24,3286796.0,2500,1600.0,24,True,0,3,2,49,0,4.0,U,0
6185,2.74,2.99,3287750.0,48200,28500.0,78,True,0,2,0,88,1,3.0,L,1
7152,0.0,0.22,3288120.0,2800,3000.0,4,True,0,0,1,9,0,17.0,L,1
4016,0.0,35.3,3286575.0,130,130.0,5,True,0,0,0,5,0,14.5,U,0
6167,0.63,0.8,11240727.0,4600,2500.0,8,True,1,0,5,43,0,1.5,U,0
6234,0.0,0.39,11414486.0,6000,4100.0,49,True,1,1,1,69,0,5.5,U,0
8487,43.71,60.82,3288393.0,650,800.0,3,True,2,0,0,23,0,21.5,U,0
7404,0.0,27.81,3288240.0,550,470.0,2,True,1,0,0,12,0,11.0,U,0
4515,20.2,20.75,12899986.0,4100,2900.0,3,True,0,0,0,3,0,6.5,U,0
4156,0.34,0.47,3286628.0,1200,750.0,2,True,0,0,0,2,0,4.0,U,0
6212,6.41,8.05,3287856.0,29300,17000.0,91,True,4,1,9,181,1,2.5,L,1
8640,12.61,12.83,3288400.0,700,900.0,0,False,0,0,0,0,0,23.0,U,0
5411,0.0,0.67,3641943.0,3800,4300.0,39,True,1,0,1,54,0,18.5,U,0
7200,242.09,244.99,7690124.0,5900,7600.0,6,True,0,0,1,11,0,23.5,U,0
4500,69.87,70.27,6389373.0,11000,19300.0,0,False,0,0,0,0,0,37.5,L,1
4360,0.0,0.88,3286655.0,4700,4100.0,12,True,3,2,1,57,0,11.5,U,0
6215,6.18,6.39,4428149.0,27700,17500.0,12,True,0,0,1,17,0,4.5,L,1
3583,0.0,16.28,3286477.0,430,550.0,3,True,2,0,1,28,0,22.0,U,0
4640,1.31,2.16,4755869.0,9700,5500.0,14,True,1,0,1,29,0,2.5,U,0
7382,0.0,22.87,12458883.0,550,1200.0,6,True,3,0,3,51,0,49.0,U,0
4500,70.27,70.83,6389374.0,10200,14200.0,3,True,0,0,0,3,0,26.5,L,1
4402,0.0,0.67,3286712.0,6300,3600.0,26,True,1,0,1,41,0,2.5,U,0
6215,0.64,1.54,3287864.0,16700,10000.0,95,True,1,2,5,140,1,3.0,L,1
4515,13.82,15.17,7624202.0,15200,9100.0,20,True,0,1,1,30,0,3.5,U,0
4392,0.0,0.27,3286698.0,1300,1100.0,18,True,0,0,0,18,0,10.0,U,0
6215,6.39,7.2,3856886.0,27700,17500.0,42,True,5,0,3,107,1,4.5,U,0
5410,0.0,0.53,6382689.0,6300,5300.0,8,True,0,0,0,8,0,10.5,U,0
4646,3.76,4.11,13636683.0,13300,8100.0,6,True,0,0,1,11,0,3.5,U,0
4384,32.96,33.26,3286685.0,13300,8200.0,3,True,0,0,0,3,0,3.5,U,0
5421,0.19,0.94,7188772.0,3800,7500.0,17,True,1,0,1,32,0,42.0,U,0
4661,0.0,7.5,3287015.0,1000,850.0,12,True,1,1,1,32,0,11.0,U,0
4643,2.56,3.17,3286969.0,4500,2600.0,2,True,0,0,1,7,0,2.5,U,0
6203,29.46,31.53,3287824.0,17600,10300.0,23,True,2,1,1,53,0,3.0,L,1
4640,73.82,74.17,6222985.0,7900,6400.0,2,True,0,0,0,2,0,9.5,U,0
6024,4.1,4.94,4757245.0,16400,10400.0,26,True,1,1,4,61,0,4.5,U,0
1503,9.79,13.4,3286173.0,300,550.0,1,True,0,0,0,1,0,40.0,U,0
3500,289.95,292.34,13647548.0,30700,27000.0,52,True,1,2,1,77,1,11.5,L,1
4643,0.34,2.56,3286967.0,9600,6300.0,27,True,2,0,4,67,0,5.0,U,0
7263,0.0,9.24,3288213.0,1100,900.0,5,True,0,1,1,15,0,10.0,U,0
6155,1.88,2.16,11240835.0,20200,14700.0,41,True,2,1,8,106,1,7.0,L,1
4542,0.0,0.3,3286905.0,2100,1400.0,4,True,0,0,0,4,0,4.5,U,0
6458,0.0,0.42,3287911.0,27000,15700.0,33,True,0,2,2,53,0,3.0,U,0
6161,2.22,3.12,4446695.0,15200,8200.0,41,True,5,2,9,146,1,1.5,U,0
4543,0.0,0.44,3286906.0,2100,1400.0,4,True,0,0,0,4,0,6.0,U,0
6164,0.5,0.65,11240654.0,23000,12700.0,21,True,2,0,7,76,1,2.0,L,1
4419,0.0,0.67,3286727.0,8900,5100.0,11,True,0,0,0,11,0,2.5,U,0
3870,52.02,52.46,7028382.0,1100,1300.0,0,False,0,0,0,0,0,21.0,U,0
4126,0.0,0.08,3286602.0,4800,4700.0,1,True,0,0,0,1,0,14.5,U,0
8400,339.33,347.38,3288365.0,4100,4500.0,17,True,2,1,0,42,0,17.0,U,0
2600,49.22,50.6,3286256.0,3900,3200.0,14,True,1,0,1,29,0,9.5,L,1
4489,3.02,3.54,3286763.0,43800,24700.0,112,True,4,2,4,182,1,2.0,L,1
4760,4.3,4.47,12053253.0,21700,15300.0,3,True,0,0,0,3,0,6.0,L,1
5221,1.16,1.67,4691831.0,30900,17900.0,79,True,2,1,6,134,1,3.0,U,0
3332,22.89,23.59,3286366.0,900,1000.0,1,True,0,0,0,1,0,19.0,U,0
4483,8.25,21.04,4689846.0,1200,1300.0,16,True,3,1,4,71,0,16.0,U,0
88206,1.18,15.73,3288544.0,470,410.0,2,True,0,0,0,2,0,10.5,U,0
4489,3.69,5.36,4748814.0,51100,29200.0,238,True,7,3,14,393,1,2.5,L,1
6158,1.9,2.16,11240767.0,13200,10600.0,31,True,2,0,8,91,1,9.0,L,1
4408,0.0,0.51,3286720.0,12700,7100.0,20,True,0,0,0,20,0,2.0,U,0
4760,11.74,12.3,6409775.0,12100,10500.0,1,True,0,0,0,1,0,10.5,U,0
8480,0.0,0.34,3288382.0,1300,1300.0,0,False,0,0,0,0,0,15.5,U,0
2427,0.0,0.07,3286243.0,8400,5500.0,6,True,0,0,0,6,0,5.0,U,0
5603,0.0,1.28,3287357.0,34600,26000.0,161,True,2,2,5,216,1,8.0,L,1
4781,0.0,5.53,3287071.0,5500,3600.0,17,True,1,3,1,47,0,5.0,U,0
72000,11.98,13.04,6090661.0,6700,4600.0,4,True,1,0,0,14,0,6.0,U,0
48800,0.0,0.34,11264619.0,1300,1500.0,5,True,1,0,0,15,0,18.5,U,0
6180,3.1,4.67,4322607.0,25700,16700.0,162,True,6,3,14,307,1,4.5,U,0
4646,4.11,4.7,4696125.0,11400,7000.0,5,True,0,0,2,15,0,4.0,U,0
6203,7.87,8.76,12884672.0,56300,55300.0,111,True,3,2,6,181,1,14.5,L,1
6203,20.23,21.04,4210385.0,11100,8400.0,36,True,1,1,3,66,0,8.0,L,1
4513,1.48,3.9,5153904.0,4100,3400.0,11,True,1,0,2,31,0,10.0,U,0
6203,32.6,33.38,3287828.0,17500,10500.0,22,True,2,0,1,47,0,3.5,L,1
6449,0.02,1.11,3287902.0,5300,2900.0,9,True,0,0,0,9,0,1.5,U,0
4544,0.0,0.6,3286907.0,1800,1200.0,8,True,0,0,0,8,0,5.0,U,0
6461,3.36,4.58,3287919.0,32700,19700.0,113,True,4,3,10,218,1,3.5,U,0
4582,0.0,0.55,3286918.0,2000,2100.0,1,True,0,0,0,1,0,16.5,U,0
5648,2.45,3.41,3287437.0,15200,9100.0,7,True,1,0,1,22,0,3.5,L,1
6161,1.18,1.67,11240811.0,18200,11600.0,40,True,0,0,3,55,0,4.5,L,1
22021,1.51,4.62,7241468.0,2000,2500.0,1,True,1,0,1,16,0,22.5,U,0
7003,0.0,28.22,3288090.0,550,800.0,9,True,2,0,0,29,0,27.5,U,0
4012,26.18,29.86,3286557.0,440,410.0,1,True,0,0,0,1,0,13.5,U,0
3500,121.21,134.64,3286437.0,3100,5100.0,9,True,1,0,1,24,0,32.5,U,0
6164,0.16,0.3,11240650.0,16800,10600.0,26,True,2,0,5,71,0,4.0,L,1
4553,0.0,0.53,3286910.0,1800,1200.0,10,True,0,1,0,15,0,5.5,U,0
8000,179.63,186.4,12985975.0,3800,4200.0,6,True,2,2,0,36,0,17.0,U,0
5633,3.66,5.19,6234623.0,19200,12900.0,41,True,1,0,1,56,0,5.0,U,0
5000,13.05,17.07,4774495.0,7600,4700.0,28,True,2,4,0,68,0,4.0,U,0
3492,47.1,47.56,7034162.0,1300,1300.0,1,True,0,0,0,1,0,15.5,U,0
6601,3.93,4.4,4428228.0,33000,21200.0,99,True,2,2,6,159,1,4.5,L,1
5857,0.0,0.81,3287591.0,2700,1700.0,29,True,1,0,3,54,0,4.5,U,0
8331,0.0,9.02,3288337.0,170,150.0,3,True,1,0,0,13,0,12.5,U,0
5218,14.81,15.56,3287245.0,20300,12900.0,74,True,3,3,4,139,1,4.5,L,1
62042,0.0,0.51,13149543.0,10300,11300.0,8,True,0,0,0,8,0,17.5,U,0
3500,6.08,8.23,7028155.0,10100,12000.0,18,True,4,3,4,93,1,21.0,L,1
6604,4.54,4.79,4429336.0,36700,22700.0,72,True,1,1,3,102,1,4.0,L,1
6000,0.61,1.07,3287606.0,18300,13200.0,53,True,3,0,5,108,1,7.0,L,1
8347,0.0,0.96,3288341.0,4600,3200.0,4,True,0,0,0,4,0,6.5,U,0
6464,1.65,2.46,3287933.0,33000,19300.0,55,True,3,4,2,115,1,3.0,L,1
3486,5.25,13.58,6402003.0,1500,1500.0,1,True,1,1,0,16,0,15.5,U,0
6012,0.78,1.17,4428026.0,29200,20300.0,62,True,2,0,5,107,1,6.0,L,1
2415,12.38,13.19,3286239.0,10300,7600.0,21,True,0,0,0,21,0,7.5,U,0
8000,186.4,193.6,12993657.0,4500,5100.0,6,True,2,1,0,31,0,19.0,U,0
62041,0.0,0.3,13149564.0,9500,8300.0,14,True,1,0,1,29,0,11.5,U,0
3500,1.64,2.48,3286418.0,13500,14700.0,15,True,0,1,1,25,0,18.0,L,1
8655,0.0,0.28,3288415.0,950,1100.0,0,False,0,0,0,0,0,20.0,U,0
2415,0.0,7.65,3286235.0,1900,2300.0,5,True,1,0,0,15,0,20.5,U,0
67802,0.0,0.42,13115646.0,4300,3100.0,21,True,0,1,3,41,0,7.0,U,0
8661,0.14,0.73,3288425.0,1300,1200.0,1,True,0,0,0,1,0,13.0,U,0
6786,0.0,0.53,5101833.0,9100,7200.0,17,True,0,1,0,22,0,9.0,U,0
7000,0.0,42.5,3288083.0,46,70.0,3,True,0,0,0,3,0,30.5,U,0
8400,0.0,8.03,3288346.0,2300,3000.0,5,True,0,1,0,10,0,24.0,U,0
3006,0.93,10.07,3286305.0,480,550.0,2,True,0,0,0,2,0,20.0,U,0
5800,0.0,0.97,7688908.0,2000,2000.0,8,True,1,1,1,28,0,14.5,L,1
8667,4.19,6.9,3288430.0,650,650.0,3,True,0,0,0,3,0,15.5,U,0
7000,54.79,55.43,7217043.0,9200,5400.0,3,True,0,0,0,3,0,3.0,L,1
6126,0.0,0.56,13146985.0,8900,4900.0,53,True,1,0,7,98,1,2.0,U,0
5218,8.21,9.02,3287233.0,39800,33000.0,214,True,5,4,5,309,1,10.0,L,1
3006,67.07,97.45,3286309.0,950,1100.0,14,True,2,0,0,34,0,18.0,U,0
5800,1.49,2.09,7070185.0,4500,7600.0,5,True,1,0,0,15,0,34.5,L,1
7200,207.29,209.97,3288195.0,5800,7300.0,4,True,0,0,0,4,0,22.5,U,0
2600,155.35,161.59,3286264.0,900,1100.0,6,True,0,0,1,11,0,21.0,U,0
8664,1.66,2.19,3288427.0,2200,2200.0,1,True,0,0,0,1,0,14.0,U,0
4141,2.49,6.43,13640037.0,6700,4100.0,4,True,1,1,1,24,0,3.5,U,0
5300,6.81,7.71,11264355.0,25200,27300.0,7,True,1,0,0,17,0,17.5,L,1
5800,0.97,1.49,3713466.0,3700,7300.0,4,True,0,0,1,9,0,43.0,L,1
7149,31.7,32.09,3288118.0,4200,4400.0,5,True,1,0,2,25,0,16.0,L,1
4763,0.2,1.36,3287050.0,28200,19300.0,75,True,1,2,0,95,1,5.5,L,1
5218,18.99,20.17,3287255.0,6000,3500.0,20,True,0,1,2,35,0,3.0,U,0
6580,4.58,5.06,3287953.0,35200,21200.0,58,True,0,0,1,63,0,3.5,L,1
5815,0.34,0.83,3287491.0,8000,4700.0,34,True,1,0,7,79,1,3.0,L,1
4600,0.0,1.41,3286921.0,10700,6100.0,35,True,0,0,1,40,0,2.5,U,0
4880,32.91,36.13,3287091.0,2300,2200.0,7,True,0,0,0,7,0,14.0,U,0
22021,0.55,1.24,7241466.0,1900,2100.0,8,True,0,0,0,8,0,18.0,U,0
4372,0.0,5.96,3286666.0,900,900.0,5,True,0,0,0,5,0,14.5,U,0
5221,7.35,8.13,4427926.0,33800,19000.0,105,True,8,4,7,240,1,2.0,L,1
5818,0.22,1.3,3714165.0,13500,8400.0,14,True,0,1,2,29,0,3.5,U,0
4603,0.0,2.52,4695809.0,16700,9400.0,40,True,1,1,1,60,0,2.5,U,0
4882,4.04,41.39,6387886.0,180,180.0,3,True,1,1,0,18,0,15.0,U,0
17090,0.0,57.92,12458886.0,21,29.0,1,True,0,0,0,1,0,24.0,U,0
4249,0.0,20.49,3286650.0,850,750.0,5,True,1,2,0,25,0,13.0,U,0
4621,3.69,4.86,5088196.0,3400,2700.0,3,True,0,1,1,13,0,9.0,U,0
4884,0.0,0.43,7344491.0,800,800.0,1,True,0,0,1,6,0,15.0,U,0
22010,0.0,76.44,6401517.0,90,110.0,5,True,2,1,0,30,0,20.0,U,0
4600,1.94,2.43,6080103.0,15900,9300.0,10,True,0,0,0,10,0,3.0,U,0
6188,0.0,0.42,11240127.0,13900,8300.0,27,True,0,0,4,47,0,3.0,U,0
19072,16.95,27.75,12878061.0,6,3.0,0,False,0,0,0,0,0,,U,0
6182,1.12,1.67,11240739.0,16400,9000.0,55,True,3,0,7,120,1,2.0,U,0
20009,63.15,143.33,13638590.0,4,4.0,1,True,0,0,0,1,0,25.0,U,0
6185,6.75,7.11,3287760.0,26800,15700.0,34,True,0,0,2,44,0,3.0,L,1
8640,12.83,14.95,3288401.0,550,700.0,0,False,0,0,0,0,0,22.0,U,0
53306,0.0,0.28,13001646.0,7800,8300.0,11,True,0,0,0,11,0,16.5,U,0
7200,244.99,245.79,6109219.0,5900,7600.0,4,True,0,0,0,4,0,23.0,L,1
4532,0.0,0.07,4754869.0,7100,5400.0,9,True,0,1,3,29,0,7.5,U,0
6204,0.47,0.85,12313286.0,14600,14700.0,28,True,1,0,2,48,0,15.0,U,0
6205,1.45,1.63,12313302.0,12600,12000.0,3,True,0,0,0,3,0,13.5,U,0
7398,2.87,34.3,3288234.0,480,750.0,2,True,0,0,0,2,0,31.5,U,0
4515,3.51,5.33,3286870.0,3400,2300.0,5,True,0,0,0,5,0,5.5,U,0
4403,0.0,0.17,3286713.0,380,320.0,0,False,0,0,0,0,0,10.5,U,0
6203,14.99,15.65,6382711.0,43000,36100.0,60,True,3,0,7,125,1,10.0,L,1
6303,5.82,6.04,3287884.0,9300,6000.0,7,True,0,0,2,17,0,4.5,L,1
3849,0.0,1.14,3286501.0,480,550.0,0,False,0,0,0,0,0,21.0,U,0
7263,9.24,27.59,11940230.0,1100,900.0,9,True,3,1,3,59,0,10.0,U,0
4515,19.62,20.2,12899937.0,6700,4500.0,6,True,0,0,1,11,0,5.5,U,0
4394,0.0,0.33,3286700.0,5600,5300.0,13,True,1,0,0,23,0,13.5,U,0
6223,0.0,0.26,3287870.0,3000,2600.0,39,True,2,0,6,89,1,10.5,U,0
5417,0.26,1.41,4398986.0,14600,17300.0,12,True,1,0,1,27,0,20.5,U,0
7200,241.01,241.42,7690263.0,11100,13700.0,4,True,0,0,0,4,0,22.5,L,1
8400,214.28,252.6,3288352.0,550,700.0,6,True,2,1,0,31,0,22.0,U,0
4003,36.79,37.0,3286533.0,1700,1300.0,0,False,0,0,0,0,0,8.0,U,0
4760,45.6,47.66,6236087.0,7200,6300.0,21,True,1,0,0,31,0,11.0,U,0
6149,0.54,0.76,12466727.0,5100,3000.0,28,True,1,0,4,58,0,3.0,U,0
4533,0.0,0.41,3286902.0,2200,1800.0,12,True,0,0,0,12,0,10.0,U,0
8400,301.31,302.02,3288357.0,4800,3900.0,6,True,3,0,3,51,0,9.5,U,0
2600,315.98,316.19,3286274.0,12400,8000.0,9,True,0,1,1,19,0,5.0,U,0
3873,84.88,85.63,7215964.0,800,1000.0,1,True,0,0,0,1,0,22.5,U,0
4126,0.08,1.27,3286603.0,3100,3100.0,2,True,0,0,0,2,0,14.5,U,0
8400,304.17,307.56,7301342.0,2800,2800.0,4,True,1,0,0,14,0,15.0,U,0
5600,2.03,2.67,7673395.0,8100,4600.0,34,True,1,0,3,59,0,2.5,U,0
2600,53.89,54.32,3286260.0,1200,1400.0,1,True,0,0,0,1,0,20.0,L,1
3867,0.0,11.6,3286514.0,700,700.0,1,True,0,0,0,1,0,15.5,U,0
4760,11.37,11.74,6409774.0,11000,9500.0,0,False,0,0,0,0,0,11.0,U,0
8400,354.92,358.46,3288378.0,3400,4100.0,7,True,0,2,0,17,0,21.0,L,1
3335,0.0,0.93,3286367.0,800,800.0,2,True,0,0,0,2,0,15.0,U,0
4423,0.0,3.24,7911384.0,2500,2300.0,3,True,1,0,1,18,0,13.0,U,0
3873,53.95,84.31,3286527.0,330,380.0,8,True,2,0,0,28,0,19.5,U,0
4123,21.26,23.03,3286600.0,400,340.0,5,True,0,0,0,5,0,11.0,U,0
83215,0.0,4.26,3288539.0,180,210.0,2,True,1,0,0,12,0,19.0,U,0
8000,44.46,62.43,3288296.0,1400,2200.0,2,True,0,0,0,2,0,32.0,U,0
3400,300.85,306.9,3286376.0,1500,2000.0,4,True,0,0,0,4,0,24.5,U,0
4405,0.0,0.12,3286716.0,18900,11000.0,12,True,0,0,1,17,0,2.5,U,0
80001,0.0,1.5,13128142.0,1900,2200.0,5,True,2,0,2,35,0,20.5,U,0
5409,6.52,7.14,4428046.0,15800,9600.0,28,True,1,0,3,53,0,3.5,U,0
3160,72.42,72.76,3286318.0,1450,1550.0,0,False,0,0,0,0,0,17.0,L,1
4483,6.58,7.93,3286739.0,5200,4900.0,7,True,0,0,0,7,0,13.5,U,0
17120,20.55,31.51,12687446.0,55,85.0,0,False,0,0,0,0,0,31.0,U,0
6723,0.76,1.7,3288054.0,22700,18700.0,76,True,4,2,2,136,1,9.5,L,1
44830,0.75,5.49,13506545.0,1000,850.0,4,True,0,0,1,9,0,10.0,U,0
5405,3.45,4.22,3287307.0,37800,21200.0,70,True,1,5,1,110,1,2.0,L,1
3160,163.65,169.39,12188030.0,1100,1200.0,2,True,0,0,0,2,0,18.0,U,0
6185,1.63,2.19,3287744.0,52100,30700.0,108,True,2,0,10,178,1,3.0,L,1
44809,0.0,0.87,3288511.0,3600,2500.0,12,True,2,0,0,32,0,6.0,U,0
6200,0.0,0.83,3287767.0,18800,13500.0,61,True,2,0,1,86,1,6.5,L,1
5612,0.0,1.45,3713916.0,22200,14700.0,107,True,1,3,4,152,1,5.0,L,1
5036,4.4,7.65,4696361.0,3000,1700.0,25,True,2,2,1,60,0,2.0,U,0
47636,0.0,0.82,13531366.0,1100,1000.0,12,True,0,0,0,12,0,12.5,U,0
6194,0.63,1.07,4215331.0,13400,7800.0,36,True,2,0,7,91,1,3.0,U,0
5630,4.25,4.4,11241639.0,13400,7800.0,32,True,2,0,4,72,1,2.5,U,0
5021,3.83,4.24,11251184.0,3900,3300.0,4,True,0,0,0,4,0,10.5,U,0
53241,0.0,0.57,11267191.0,500,700.0,3,True,0,0,0,3,0,28.0,U,0
5621,0.74,1.05,11235455.0,7700,4100.0,8,True,1,0,1,23,0,1.5,U,0
5063,0.0,0.61,3287157.0,21700,25000.0,72,True,3,2,1,117,1,19.5,U,0
44803,0.0,4.6,4714973.0,1600,1700.0,8,True,1,0,1,23,0,15.5,U,0
12009,0.0,26.52,6234658.0,100,160.0,0,False,0,0,0,0,0,33.0,U,0
5842,0.0,1.52,3287558.0,6500,3700.0,47,True,4,1,5,117,1,2.5,L,1
7515,0.48,2.52,3288260.0,6600,5300.0,8,True,2,0,1,33,0,9.0,U,0
5630,2.86,3.04,11241581.0,31400,19000.0,53,True,6,0,17,198,1,3.5,L,1
5018,5.96,6.54,3287125.0,6300,3900.0,48,True,1,1,2,73,1,4.0,U,0
6610,1.65,2.21,3288043.0,18700,12400.0,74,True,2,1,3,114,1,5.0,L,1
5833,9.87,11.53,12902318.0,51200,32200.0,29,True,1,1,0,44,0,4.0,L,1
6012,0.0,0.78,12561918.0,27500,19500.0,61,True,1,1,3,91,1,6.5,L,1
2415,10.92,12.38,3286238.0,8500,6700.0,25,True,1,0,3,50,0,9.0,U,0
6580,0.15,0.42,12850286.0,11800,7000.0,8,True,0,0,1,13,0,3.0,U,0
3500,180.92,208.15,13640724.0,3500,5300.0,10,True,5,0,1,65,0,30.0,L,1
8646,33.32,34.51,3288411.0,1900,1900.0,4,True,0,0,1,9,0,14.5,U,0
2600,264.79,269.71,3286268.0,850,950.0,2,True,0,0,0,2,0,19.0,U,0
3500,213.53,246.26,3286444.0,9400,11900.0,20,True,2,0,0,40,0,23.5,L,1
8832,0.85,1.23,13149463.0,8300,4600.0,9,True,1,0,1,24,0,2.0,U,0
6864,0.0,0.28,3288075.0,2200,1300.0,6,True,0,2,0,16,0,3.0,U,0
2800,0.58,7.68,5153096.0,100,90.0,0,False,0,0,0,0,0,11.0,U,0
5824,2.1,2.86,3287512.0,21100,13700.0,27,True,2,1,1,57,0,4.5,L,1
8832,0.0,0.6,3288452.0,13600,7300.0,41,True,3,0,2,81,1,1.5,U,0
6866,3.44,4.13,4873820.0,18100,10300.0,60,True,3,5,5,140,1,2.5,L,1
4141,9.0,9.66,3286622.0,4600,4700.0,4,True,0,0,0,4,0,15.0,U,0
2800,7.68,13.61,4714410.0,75,65.0,0,False,0,0,0,0,0,12.0,U,0
8820,0.0,15.44,3288434.0,750,850.0,9,True,1,0,0,19,0,18.5,U,0
5827,2.24,2.73,3287519.0,7800,4500.0,8,True,0,0,0,8,0,2.5,U,0
7200,6.4,6.95,3288134.0,49100,31400.0,52,True,0,0,1,57,0,4.5,L,1
4763,0.0,0.2,3287048.0,50200,35400.0,44,True,1,2,2,74,1,6.0,L,1
5300,15.52,17.52,11264358.0,49300,47900.0,29,True,1,1,1,49,0,14.0,L,1
5648,10.71,11.27,4428014.0,74400,48400.0,87,True,4,1,8,172,1,4.5,L,1
7200,21.73,27.53,3288162.0,35500,21400.0,180,True,5,6,10,310,1,3.5,L,1
4381,28.06,28.84,3286677.0,10100,7900.0,18,True,0,0,0,18,0,8.5,U,0
5221,11.37,12.39,4427928.0,14300,8400.0,21,True,2,0,2,51,0,2.5,L,1
5648,11.27,12.18,3714159.0,40400,26200.0,57,True,2,3,7,127,1,4.5,L,1
4600,2.43,2.87,4752047.0,14700,8700.0,9,True,0,0,1,14,0,3.0,U,0
7200,209.97,211.61,7217060.0,5700,7400.0,5,True,0,0,0,5,0,23.0,U,0
17042,0.0,43.38,3288464.0,110,75.0,11,True,5,0,10,111,1,5.5,U,0
4384,26.11,26.8,13133963.0,11000,6600.0,14,True,1,0,0,24,0,3.0,U,0
5672,0.0,0.43,7189339.0,1700,2400.0,6,True,0,0,0,6,0,27.0,U,0
4600,2.87,3.84,4752048.0,13500,8000.0,13,True,0,0,1,18,0,3.0,U,0
4883,23.17,28.06,6231802.0,950,1000.0,4,True,1,0,1,19,0,18.0,U,0
20024,0.0,0.1,12110573.0,220,220.0,0,False,0,0,0,0,0,15.5,U,0
19003,32.51,68.99,12878064.0,4,2.0,0,False,0,0,0,0,0,,U,0
4384,14.27,19.63,3286682.0,3600,3200.0,18,True,0,0,1,23,0,12.0,U,0
5300,35.29,35.87,13108087.0,60800,64600.0,10,True,2,0,0,30,0,17.0,L,1
4621,6.03,12.34,3286944.0,1800,1500.0,4,True,1,0,0,14,0,10.0,U,0
6191,0.0,0.62,3287762.0,16800,9500.0,74,True,0,0,7,109,1,2.0,U,0
17012,12.98,28.24,12031890.0,36,32.0,1,True,0,0,1,6,0,11.0,U,0
4640,32.33,34.23,4693807.0,3000,2600.0,10,True,0,1,0,15,0,11.5,U,0
6170,1.27,1.43,13147024.0,25600,15100.0,31,True,0,0,2,41,0,3.0,U,0
4360,4.24,16.46,3286657.0,3200,3100.0,24,True,2,1,0,49,0,14.0,U,0
6445,0.0,0.75,3287896.0,4500,2300.0,31,True,5,3,7,131,1,1.0,U,0
4640,0.9,1.31,4755868.0,9300,5400.0,8,True,0,0,0,8,0,2.5,U,0
28010,0.0,20.06,5153150.0,55,110.0,0,False,0,0,0,0,0,45.5,U,0
56024,1.78,2.82,12042491.0,7900,8700.0,36,True,2,1,3,76,1,17.5,U,0
6203,37.45,37.51,3287836.0,19200,11700.0,13,True,0,1,1,23,0,3.5,L,1
35002,0.0,1.13,13403663.0,130,320.0,1,True,0,0,0,1,0,57.5,U,0
56024,0.0,0.75,12042490.0,10600,14000.0,29,True,0,0,1,34,0,24.5,U,0
6204,1.45,2.24,12313416.0,9800,11100.0,65,True,4,0,4,125,1,19.5,U,0
7200,255.75,268.31,6099280.0,2100,4100.0,6,True,0,0,0,6,0,43.0,U,0
4500,16.82,24.81,4322694.0,39500,41700.0,50,True,1,1,1,70,0,16.5,L,1
6203,37.51,37.63,13426245.0,17900,11500.0,3,True,1,0,0,13,0,4.5,L,1
6443,1.1,1.27,4446729.0,14000,7400.0,23,True,1,0,3,48,0,1.0,U,0
7398,34.3,102.57,5158779.0,430,700.0,6,True,0,0,0,6,0,35.0,U,0
4500,14.27,16.82,4322692.0,51700,49700.0,37,True,3,0,2,77,1,13.5,L,1
4387,5.55,6.23,3286691.0,3100,2700.0,1,True,0,0,0,1,0,11.5,U,0
6203,11.99,12.51,4428806.0,49600,40000.0,116,True,6,0,6,206,1,9.5,L,1
6458,1.24,1.64,3287913.0,26100,15200.0,24,True,0,0,0,24,0,3.0,L,1
3500,289.5,289.95,3286461.0,28000,24500.0,72,True,3,2,1,117,1,11.5,L,1
4500,45.97,46.43,6393715.0,15700,17800.0,0,False,0,0,0,0,0,19.0,L,1
4396,0.18,0.81,4918013.0,9200,6800.0,5,True,0,0,1,10,0,7.5,U,0
6446,0.22,2.31,12887992.0,6100,3700.0,52,True,6,1,8,157,1,3.5,U,0
3500,292.99,294.64,13647509.0,34300,33200.0,48,True,1,1,1,68,0,14.0,L,1
4515,2.24,2.88,5156226.0,7000,4500.0,7,True,0,1,0,12,0,4.5,U,0
6446,3.79,3.99,4450738.0,3100,1700.0,7,True,0,0,1,12,0,2.5,U,0
7000,53.97,54.12,3288087.0,4700,5100.0,0,False,0,0,0,0,0,18.0,U,0
4006,0.0,0.44,3286540.0,1400,1200.0,0,False,0,0,0,0,0,10.5,U,0
4643,26.97,27.46,5156394.0,750,650.0,0,False,0,0,0,0,0,11.5,U,0
4563,0.0,0.68,3286914.0,750,800.0,0,False,0,0,0,0,0,17.5,U,0
5648,1.36,2.45,7688033.0,26600,17300.0,33,True,1,1,3,63,0,5.0,L,1
8487,31.69,43.71,3288392.0,400,600.0,2,True,0,0,0,2,0,30.0,U,0
6783,0.56,0.74,5101814.0,9000,8000.0,22,True,1,0,0,32,0,12.0,L,1
4009,59.3,62.56,3286550.0,1400,1500.0,2,True,0,0,0,2,0,18.0,U,0
64612,0.0,0.19,13115604.0,3300,2200.0,3,True,0,0,0,3,0,5.5,U,0
4682,1.02,5.72,3289540.0,1800,1700.0,3,True,0,1,1,13,0,14.0,U,0
8347,11.41,22.95,3288345.0,700,900.0,1,True,0,0,0,1,0,24.5,U,0
3855,40.88,43.25,3286508.0,2200,2300.0,6,True,1,0,0,16,0,17.0,U,0
53233,0.0,0.64,11267180.0,5600,5200.0,44,True,1,2,2,74,1,12.5,U,0
4495,6.46,10.12,4693794.0,3300,3700.0,5,True,2,0,1,30,0,18.0,U,0
6167,0.8,0.96,11240728.0,3100,1700.0,9,True,1,0,5,44,0,1.5,U,0
5842,2.36,4.0,3287562.0,12500,7500.0,75,True,2,1,4,120,1,3.5,U,0
7800,173.61,190.67,3288287.0,3300,6200.0,8,True,1,0,0,18,0,39.5,U,0
5606,1.09,1.65,4748756.0,15100,9100.0,93,True,2,3,6,158,1,3.5,L,1
5015,14.23,25.2,3287121.0,4000,3800.0,33,True,3,0,1,68,0,14.0,U,0
4500,6.81,7.58,4692878.0,53100,48400.0,29,True,1,0,1,44,0,12.5,L,1
6613,2.94,3.1,3861101.0,24400,13700.0,39,True,0,3,0,54,0,2.0,L,1
5836,0.14,0.9,3287554.0,17000,9600.0,13,True,0,0,3,28,0,2.5,L,1
8000,0.0,2.28,3288292.0,1300,2100.0,2,True,0,0,0,2,0,33.0,U,0
5633,2.84,3.66,6234522.0,21000,13900.0,77,True,3,1,6,142,1,5.0,U,0
5039,0.88,7.88,3287145.0,3300,2000.0,36,True,6,4,1,121,1,3.0,U,0
5300,24.16,24.47,13036603.0,67800,72300.0,3,True,0,0,0,3,0,17.0,L,1
3160,124.56,150.75,3286327.0,650,750.0,4,True,1,0,0,14,0,20.0,U,0
6720,0.8,0.97,4752027.0,17900,12000.0,7,True,1,0,1,22,0,5.5,U,0
5827,6.92,9.55,3287524.0,15600,8800.0,49,True,9,1,19,239,1,2.0,L,1
7623,1.42,3.08,6393815.0,14300,8800.0,28,True,1,0,2,48,0,4.0,U,0
5036,2.44,2.61,3287134.0,16000,9100.0,10,True,0,1,1,20,0,2.5,L,1
5407,0.0,0.5,3641942.0,2400,2300.0,4,True,0,0,0,4,0,14.0,U,0
3492,0.0,6.89,3286397.0,1300,1600.0,5,True,1,1,0,20,0,21.0,U,0
6720,1.05,2.24,13646902.0,8800,5200.0,12,True,0,0,0,12,0,3.0,U,0
5851,5.07,5.56,3287584.0,33000,20800.0,75,True,1,1,2,100,1,4.0,L,1
7620,15.67,19.17,12839525.0,2200,3000.0,3,True,1,0,0,13,0,25.0,U,0
3498,0.58,24.9,3286413.0,550,650.0,8,True,2,2,0,38,0,22.0,U,0
6613,1.65,2.31,3288051.0,13100,7600.0,19,True,1,3,4,64,0,2.5,U,0
5830,2.3,2.49,3287531.0,12800,7600.0,27,True,0,0,0,27,0,3.0,L,1
2409,74.38,109.84,3286228.0,250,250.0,3,True,0,0,0,3,0,15.5,U,0
8326,0.0,0.19,3288332.0,2100,2300.0,4,True,1,0,0,14,0,18.5,U,0
8163,13.69,47.53,3288327.0,240,350.0,4,True,1,0,0,14,0,29.0,U,0
5639,1.25,2.28,3287416.0,17100,10500.0,54,True,4,3,2,119,1,3.5,L,1
5006,6.68,7.2,11265603.0,16800,12400.0,50,True,1,2,2,80,1,7.0,U,0
3500,2.48,2.86,3286420.0,11000,13100.0,6,True,1,0,1,21,0,21.0,L,1
6608,0.0,0.5,3288035.0,29700,17700.0,52,True,1,1,7,102,1,3.0,L,1
5836,3.15,4.07,4347380.0,14100,8500.0,42,True,0,0,4,62,0,3.5,L,1
8000,158.95,160.09,12983210.0,2400,3400.0,2,True,1,0,0,12,0,27.0,U,0
5639,5.54,5.88,3713371.0,24000,14800.0,17,True,0,0,2,27,0,4.0,L,1
4886,0.0,4.72,3287105.0,500,600.0,1,True,0,0,0,1,0,20.0,U,0
62033,0.0,0.35,12877906.0,15200,14200.0,16,True,0,0,0,16,0,13.0,U,0
3495,0.0,6.68,3286408.0,550,600.0,2,True,0,0,0,2,0,17.5,U,0
6601,7.73,9.14,3901866.0,47900,28900.0,165,True,10,8,16,385,1,3.5,L,1
5827,3.16,4.5,3287520.0,14200,8000.0,42,True,4,0,6,112,1,2.5,U,0
5851,5.56,6.87,3287587.0,34200,22100.0,167,True,4,1,21,317,1,4.5,L,1
6464,3.34,4.98,3893486.0,26400,15400.0,184,True,5,3,18,339,1,2.5,L,1
3500,68.27,87.24,3286430.0,4400,6300.0,20,True,1,0,0,30,0,27.5,U,0
6604,6.03,6.96,3288007.0,37000,23200.0,57,True,3,1,4,112,1,4.0,L,1
6000,3.49,3.89,3287614.0,11200,7400.0,6,True,0,1,0,11,0,5.0,U,0
2400,122.21,135.08,3286218.0,750,850.0,5,True,1,0,0,15,0,20.0,U,0
8347,0.96,1.54,7686263.0,6100,4100.0,11,True,0,1,1,21,0,5.5,U,0
62035,0.0,0.17,12878049.0,16500,11700.0,31,True,3,1,3,81,1,6.5,U,0
8332,0.0,36.71,3288338.0,380,450.0,4,True,0,0,1,9,0,19.5,U,0
3486,1.67,2.3,6410464.0,3200,2100.0,5,True,0,0,0,5,0,5.5,U,0
6012,1.29,1.43,13149043.0,33300,22400.0,51,True,0,2,4,81,1,5.5,L,1
2000,0.0,279.64,12256858.0,550,1100.0,43,True,6,0,2,113,1,43.5,U,0
3500,115.78,121.21,3286436.0,3400,5300.0,4,True,0,0,0,4,0,29.5,U,0
8664,2.19,3.95,3288428.0,3200,2900.0,7,True,0,0,1,12,0,12.5,U,0
6784,0.0,0.21,5101828.0,12900,8400.0,27,True,0,1,2,42,0,5.0,L,1
2409,73.88,74.0,3286226.0,890,890.0,1,True,0,0,0,1,0,15.0,L,1
3500,180.92,208.15,13403805.0,3400,5200.0,10,True,5,0,1,65,0,31.0,L,1
8829,1.86,3.14,3288449.0,3500,4000.0,0,False,0,0,0,0,0,18.5,U,0
7009,0.0,4.3,3288092.0,300,330.0,0,False,0,0,0,0,0,18.5,U,0
2606,0.0,64.77,3286282.0,130,130.0,1,True,0,0,0,1,0,14.5,U,0
5675,0.0,0.25,7189342.0,1500,2400.0,7,True,0,0,0,7,0,32.5,U,0
8655,17.28,25.75,3288418.0,200,210.0,4,True,1,1,0,19,0,16.0,U,0
6866,5.99,6.64,7301447.0,14600,8400.0,6,True,0,1,2,21,0,2.5,L,1
6039,19.49,19.98,5155898.0,1700,1400.0,3,True,0,0,1,8,0,9.0,U,0
5200,7.0,8.32,3287175.0,22100,13300.0,25,True,1,1,2,50,0,3.5,L,1
2600,161.59,198.55,3286265.0,650,850.0,10,True,2,0,0,30,0,23.0,U,0
5806,0.0,0.31,3287486.0,3200,1800.0,6,True,0,0,1,11,0,2.0,U,0
8823,35.59,36.94,3288438.0,5900,6000.0,7,True,1,1,1,27,0,16.0,U,0
6781,0.0,0.35,4696086.0,13600,10000.0,39,True,3,2,0,79,1,7.5,U,0
4760,50.0,50.38,6510923.0,15500,8500.0,12,True,1,0,2,32,0,2.0,U,0
5200,4.02,4.27,12324982.0,13000,8600.0,10,True,1,0,2,30,0,5.0,U,0
5673,0.0,0.62,7189340.0,5200,6400.0,13,True,0,0,0,13,0,21.0,U,0
7161,0.0,10.23,3288124.0,600,370.0,0,False,0,0,0,0,0,3.5,U,0
4027,0.0,24.04,3286591.0,550,700.0,16,True,2,0,0,36,0,22.0,U,0
5227,0.0,1.35,3287280.0,13000,7300.0,22,True,0,0,2,32,0,2.0,U,0
5806,0.31,0.5,4696059.0,6300,3700.0,11,True,0,0,2,21,0,3.0,U,0
4489,5.36,5.86,4435822.0,51200,29200.0,89,True,0,0,4,109,1,2.5,L,1
7152,1.08,3.12,3288122.0,700,750.0,2,True,1,0,0,12,0,17.0,U,0
4793,30.41,31.5,3287084.0,4000,2800.0,6,True,0,0,1,11,0,6.5,U,0
4159,2.84,5.83,13640035.0,750,500.0,3,True,0,0,0,3,0,5.0,U,0
5300,0.0,4.32,11264350.0,18300,18200.0,11,True,2,0,1,36,0,15.5,L,1
6592,2.71,3.24,13426023.0,27400,16200.0,45,True,2,2,2,85,1,3.0,U,0
5821,0.9,1.96,3713149.0,5600,3200.0,49,True,1,2,1,74,1,2.5,L,1
4640,29.53,31.13,4449906.0,7500,6600.0,15,True,2,0,2,45,0,11.5,U,0
4793,5.25,21.38,5154002.0,1000,750.0,6,True,1,0,1,21,0,8.5,U,0
3400,322.54,361.36,3286380.0,1000,1300.0,24,True,5,1,0,79,1,23.0,U,0
6601,4.4,4.87,3901908.0,36900,23500.0,131,True,4,4,9,236,1,4.5,L,1
2200,332.46,355.53,3286207.0,330,310.0,7,True,1,0,0,17,0,12.5,U,0
3500,23.26,68.27,3286429.0,3700,5400.0,25,True,4,1,1,75,1,29.5,U,0
2000,794.56,795.64,3286188.0,1100,1800.0,1,True,0,0,0,1,0,33.5,U,0
13000,0.0,190.11,6231823.0,21,23.0,3,True,2,0,2,33,0,19.0,U,0
1503,85.19,93.28,3286174.0,650,750.0,1,True,0,0,0,1,0,18.5,U,0
8649,0.0,17.66,3288412.0,210,290.0,2,True,0,0,0,2,0,26.0,U,0
10050,36.62,67.0,12113618.0,130,120.0,1,True,1,0,0,11,0,11.0,U,0
6783,0.0,0.56,5101813.0,5500,4900.0,8,True,0,0,0,8,0,12.0,U,0
6039,3.54,6.57,4753617.0,2900,1600.0,26,True,1,0,6,66,0,2.5,U,0
5202,0.69,3.26,3287193.0,15700,8700.0,72,True,3,3,0,117,1,2.0,L,1
2409,52.3,73.88,3286224.0,360,350.0,3,True,1,1,0,18,0,15.5,U,0
8829,0.09,1.22,3288446.0,12100,8400.0,22,True,1,0,3,47,0,6.0,L,1
7000,54.24,54.79,7682773.0,8400,5000.0,10,True,0,1,1,20,0,3.0,L,1
6039,7.89,8.52,4322979.0,5100,3200.0,6,True,1,0,2,26,0,4.5,U,0
5218,5.74,7.38,3287229.0,46700,44200.0,173,True,5,3,6,268,1,13.5,L,1
3400,307.65,309.48,6402044.0,1500,1800.0,2,True,0,0,0,2,0,21.5,U,0
4405,1.81,2.51,3286719.0,22500,12600.0,28,True,2,3,0,63,0,2.0,L,1
5409,7.61,8.31,3712729.0,13700,8600.0,47,True,0,3,0,62,0,4.0,U,0
3160,191.75,201.3,12458902.0,2700,2900.0,9,True,2,0,0,29,0,17.5,U,0
6146,3.43,4.59,3287729.0,29500,16700.0,93,True,4,3,7,183,1,2.5,U,0
18000,185.99,231.94,5205559.0,24,42.0,5,True,1,0,1,20,0,37.5,U,0
72000,11.45,11.68,6090659.0,7000,4900.0,6,True,0,0,0,6,0,6.0,U,0
46424,0.0,0.5,3288642.0,5700,4600.0,3,True,0,0,0,3,0,9.5,U,0
6191,4.9,5.44,4918136.0,21700,12200.0,17,True,0,2,3,42,0,2.0,U,0
5446,0.0,0.94,13107982.0,8100,8300.0,28,True,2,2,1,63,0,16.0,U,0
48871,0.0,0.95,6401299.0,500,470.0,0,False,0,0,0,0,0,13.0,U,0
6170,0.96,1.12,11240735.0,24900,15200.0,40,True,2,1,6,95,1,3.5,U,0
5610,6.32,6.78,9221351.0,28000,17400.0,61,True,1,0,5,96,1,4.0,L,1
5054,0.0,0.98,3287155.0,15300,9600.0,71,True,4,4,4,151,1,4.0,U,0
48870,68.8,72.35,6401296.0,190,240.0,1,True,0,0,0,1,0,23.0,U,0
6194,0.0,0.63,4215290.0,11900,7000.0,43,True,2,0,7,98,1,3.0,L,1
6024,1.65,2.54,4693697.0,20200,11900.0,58,True,2,5,4,123,1,3.0,U,0
5051,0.0,0.41,12113554.0,9900,6800.0,21,True,0,0,1,26,0,6.0,U,0
53242,0.0,0.51,11267183.0,750,950.0,2,True,0,0,0,2,0,22.5,U,0
5833,0.34,1.92,3287537.0,21300,13900.0,121,True,3,1,8,196,1,5.0,L,1
8000,108.95,110.11,3288300.0,2800,3300.0,4,True,0,0,1,9,0,19.5,U,0
5627,2.85,2.97,7392200.0,14300,8900.0,41,True,0,0,3,56,0,4.0,U,0
5006,8.61,12.01,3287119.0,10100,8500.0,47,True,2,1,2,82,1,11.0,U,0
13030,75.0,80.89,12841005.0,85,85.0,0,False,0,0,0,0,0,15.5,U,0
6720,0.97,1.05,13646901.0,12700,8300.0,1,True,0,0,0,1,0,4.5,U,0
4141,52.08,57.29,3310947.0,6000,6700.0,14,True,1,1,0,29,0,18.5,U,0
5806,0.5,0.93,3287487.0,5000,3000.0,21,True,0,0,1,26,0,3.5,U,0
4591,0.0,0.9,4692912.0,170,130.0,2,True,1,0,1,17,0,9.0,U,0
4883,42.86,52.19,3287101.0,1100,1100.0,9,True,2,1,0,34,0,15.5,U,0
20039,0.0,8.05,12878058.0,8,4.0,0,False,0,0,0,0,0,,U,0
4156,0.97,1.05,13640030.0,1300,750.0,0,False,0,0,0,0,0,2.0,U,0
4640,2.52,3.8,4755414.0,10900,6300.0,22,True,2,1,0,47,0,3.0,U,0
26000,0.0,4.79,3288476.0,600,550.0,1,True,0,0,0,1,0,13.5,U,0
4606,2.79,3.24,4695803.0,14800,8800.0,8,True,0,2,0,18,0,3.0,U,0
6170,0.32,0.47,11240731.0,20000,12600.0,49,True,2,0,7,104,1,4.5,U,0
20090,0.0,38.25,12463926.0,4,2.0,1,True,1,0,0,11,0,,U,0
16036,0.0,8.88,9086159.0,49,43.0,0,False,0,0,0,0,0,10.0,U,0
4603,3.82,4.1,4695812.0,18200,10400.0,15,True,1,2,1,40,0,2.5,U,0
6176,0.79,1.58,11240632.0,54900,34200.0,148,True,4,2,20,298,1,4.0,L,1
42406,0.0,5.57,3288488.0,250,230.0,2,True,1,2,1,27,0,13.0,U,0
53312,0.0,0.41,13001615.0,900,1100.0,5,True,0,0,1,10,0,22.0,U,0
6203,40.15,42.12,3287838.0,58500,39500.0,135,True,3,4,5,210,1,5.5,L,1
56301,2.73,3.03,11235450.0,13600,7600.0,28,True,1,0,4,58,0,2.0,U,0
7398,104.34,104.66,3288237.0,1700,2800.0,1,True,0,0,0,1,0,35.5,U,0
4500,73.74,92.69,4689626.0,8000,10900.0,33,True,2,2,2,73,1,25.0,L,1
6203,8.93,9.38,3287783.0,67600,56100.0,92,True,5,2,4,172,1,10.0,L,1
6215,2.28,3.09,3856866.0,23100,14600.0,62,True,6,1,5,152,1,4.0,L,1
7200,245.91,246.89,6418231.0,2800,4400.0,4,True,2,0,1,29,0,32.0,U,0
4515,0.0,1.32,3286868.0,6700,4600.0,10,True,0,0,1,15,0,6.0,U,0
4399,0.69,0.99,3286707.0,19700,11500.0,24,True,2,2,2,64,0,3.0,U,0
6203,22.79,25.87,3287811.0,25500,14600.0,55,True,7,1,3,145,1,2.5,L,1
6209,0.0,0.8,3287844.0,24200,16800.0,44,True,2,0,3,79,1,6.0,U,0
7398,103.95,104.34,3288236.0,1900,3200.0,0,False,0,0,0,0,0,34.0,U,0
4515,13.27,13.82,3286877.0,14900,9700.0,17,True,0,1,3,37,0,4.5,U,0
4390,20.74,20.93,4697229.0,7800,4800.0,8,True,0,0,1,13,0,4.0,U,0
6449,6.74,9.96,4754937.0,7800,5200.0,31,True,0,1,2,46,0,5.5,U,0
5412,0.0,0.95,3287336.0,18000,12300.0,64,True,4,1,1,114,1,5.5,L,1
4515,9.3,13.27,3286876.0,6600,4300.0,25,True,4,0,5,90,1,4.5,U,0
6449,9.96,10.7,4754938.0,9400,5300.0,10,True,0,0,0,10,0,2.0,U,0
5417,1.41,2.05,7188110.0,13200,15900.0,20,True,1,1,2,45,0,21.0,U,0
4643,15.99,16.17,4693813.0,5300,3500.0,3,True,0,0,0,3,0,5.0,U,0
4581,0.0,0.5,4749026.0,750,750.0,1,True,0,0,0,1,0,14.5,U,0
6458,0.82,1.24,13425604.0,26100,15300.0,25,True,0,0,0,25,0,3.0,U,0
6797,0.0,0.32,12506836.0,2400,1900.0,13,True,1,2,4,53,0,9.0,U,0
4009,27.02,42.2,3286548.0,2200,2300.0,6,True,3,0,0,36,0,16.0,U,0
4652,38.96,44.55,7010442.0,3200,3400.0,11,True,2,0,1,36,0,15.5,U,0
5648,3.41,4.37,3287440.0,30200,18000.0,24,True,0,0,0,24,0,3.5,L,1
5424,1.62,2.23,7923432.0,38300,41600.0,14,True,1,0,0,24,0,17.5,L,1
6866,6.64,6.94,13537178.0,14700,8500.0,8,True,1,1,1,28,0,2.5,U,0
3870,40.79,50.39,3286521.0,600,700.0,3,True,1,0,0,13,0,18.5,U,0
64671,0.4,0.47,13112505.0,2600,1600.0,16,True,1,1,1,36,0,3.5,U,0
4643,16.17,16.71,4695022.0,1700,750.0,6,True,0,0,0,6,0,,U,0
8347,3.41,11.41,3288344.0,1700,1900.0,4,True,0,0,0,4,0,19.0,U,0
4489,1.42,3.02,3286759.0,35000,19700.0,159,True,3,0,10,239,1,2.0,L,1
4003,37.68,53.69,3286535.0,700,600.0,8,True,0,0,0,8,0,11.5,U,0
4126,1.27,13.65,3286604.0,3100,2900.0,7,True,0,0,0,7,0,13.5,U,0
2600,313.25,314.53,4696252.0,6300,4700.0,3,True,0,1,0,8,0,7.5,U,0
1100,78.48,101.96,3286169.0,180,280.0,0,False,0,0,0,0,0,30.5,U,0
8646,31.99,33.32,3288410.0,1200,1300.0,0,False,0,0,0,0,0,16.0,U,0
5221,3.8,5.23,3287262.0,45900,27100.0,197,True,10,5,21,427,1,3.0,L,1
3160,169.39,175.81,12188015.0,1600,1700.0,6,True,1,0,1,21,0,17.5,U,0
4141,27.91,40.86,12632972.0,2900,3100.0,13,True,3,1,0,48,0,17.0,U,0
8400,323.44,331.12,3288363.0,3400,3700.0,10,True,2,1,1,40,0,17.5,U,0
2803,0.0,47.89,3286286.0,330,330.0,3,True,0,0,0,3,0,15.0,U,0
4405,0.12,0.3,3286717.0,24400,14100.0,18,True,0,0,1,23,0,2.5,U,0
1000,0.0,111.66,3286163.0,320,450.0,12,True,3,0,1,47,0,26.5,U,0
6146,0.67,1.36,3287724.0,19900,11100.0,162,True,3,4,12,272,1,2.0,U,0
4423,4.19,9.05,4696360.0,2800,2700.0,27,True,3,1,0,62,0,13.0,U,0
6146,5.46,6.16,3287731.0,33200,19300.0,87,True,2,4,3,142,1,2.5,U,0
5600,1.23,2.03,3287355.0,13700,8000.0,26,True,1,0,3,51,0,3.0,U,0
4879,37.09,48.61,7690324.0,240,180.0,2,True,0,1,0,7,0,8.5,U,0
6143,1.47,2.06,4754767.0,43100,29700.0,47,True,1,0,1,62,0,6.0,L,1
5616,0.13,0.54,11235436.0,15400,9200.0,50,True,3,1,1,90,1,3.0,U,0
4763,40.18,43.42,3287058.0,6000,5000.0,14,True,1,0,0,24,0,10.0,U,0
50680,0.0,0.22,13001617.0,6600,5800.0,23,True,0,1,1,33,0,11.5,U,0
4489,45.7,51.12,3286805.0,1200,1200.0,13,True,4,0,0,53,0,13.5,U,0
6191,1.68,3.37,4428166.0,26700,15000.0,129,True,1,0,3,154,1,2.0,U,0
5616,0.0,0.13,12596351.0,7400,4400.0,22,True,1,0,0,32,0,3.0,U,0
4886,4.72,9.5,6401301.0,550,600.0,3,True,0,0,0,3,0,17.5,U,0
10001,24.51,207.79,12113623.0,22,24.0,0,False,0,0,0,0,0,18.0,U,0
5644,0.88,1.05,7189046.0,13500,15700.0,14,True,1,1,1,34,0,20.0,L,1
5045,2.52,2.82,4714869.0,20400,12900.0,23,True,0,1,0,28,0,4.0,U,0
2415,7.65,10.6,3286236.0,2100,2300.0,3,True,1,0,1,18,0,18.0,U,0
10039,189.31,189.45,13639703.0,150,130.0,1,True,0,0,0,1,0,10.0,U,0
5639,7.23,7.68,6234577.0,25600,16100.0,20,True,0,0,0,20,0,4.0,L,1
5202,4.08,4.54,4748518.0,29500,16800.0,22,True,0,1,0,27,0,2.5,L,1
10001,225.12,272.2,12113625.0,26,24.0,1,True,1,0,0,11,0,11.5,U,0
6866,0.0,0.54,3288076.0,22800,13000.0,10,True,1,0,0,20,0,2.5,U,0
6033,4.47,5.16,3287690.0,35600,26000.0,100,True,0,1,6,135,1,7.5,L,1
5202,4.54,5.28,4748520.0,28500,16000.0,27,True,0,2,1,42,0,2.0,L,1
7000,45.67,48.69,3288085.0,1000,1100.0,3,True,0,0,0,3,0,17.0,U,0
6120,0.19,0.38,11235439.0,7600,4200.0,10,True,0,0,2,20,0,2.0,U,0
5063,7.78,8.94,4428107.0,14600,9600.0,99,True,2,4,4,159,1,5.0,U,0
60006,0.0,0.63,3288523.0,8000,4800.0,6,True,1,0,1,21,0,3.5,U,0
6000,17.6,22.12,4689927.0,1600,1000.0,56,True,10,2,15,241,1,4.0,U,0
6039,0.0,0.29,3287695.0,4200,2800.0,27,True,1,0,2,47,0,5.0,U,0
5206,3.22,3.77,3287205.0,18400,11200.0,33,True,0,0,1,38,0,3.5,U,0
6467,0.0,0.87,3287940.0,11700,7400.0,26,True,0,1,2,41,0,4.0,L,1
67805,0.0,0.34,13115648.0,4800,3400.0,6,True,1,0,1,21,0,6.5,U,0
6012,8.3,9.0,4693693.0,17600,11100.0,35,True,1,0,2,55,0,4.5,U,0
5200,3.32,4.02,12324981.0,12100,7800.0,2,True,0,0,0,2,0,4.5,U,0
63000,1.52,3.51,4759441.0,3300,2200.0,4,True,1,0,1,19,0,5.0,U,0
3500,211.11,211.38,13403668.0,9800,12200.0,4,True,0,0,0,4,0,22.5,L,1
6012,9.0,9.57,3287644.0,15800,10000.0,22,True,3,3,5,92,1,4.0,U,0
8160,1.02,2.23,5151486.0,1500,1600.0,1,True,0,0,0,1,0,18.0,U,0
3580,0.35,2.13,3286475.0,2200,2200.0,1,True,0,0,0,1,0,15.5,U,0
7398,102.57,103.95,3288235.0,650,1100.0,0,False,0,0,0,0,0,34.0,U,0
4510,0.0,0.43,3286860.0,3600,2900.0,4,True,0,0,0,4,0,9.5,U,0
4387,0.0,0.45,3286689.0,5500,3400.0,0,False,0,0,0,0,0,4.0,U,0
6441,0.0,0.19,3287887.0,3000,1800.0,9,True,2,0,3,44,0,3.5,U,0
3500,281.29,283.36,3286455.0,29100,25300.0,47,True,3,1,0,82,1,11.5,L,1
4685,0.0,16.32,3287029.0,3700,3100.0,38,True,1,1,3,68,0,10.5,U,0
7202,0.0,0.39,13648507.0,1900,2800.0,1,True,0,0,0,1,0,29.0,U,0
4513,9.68,10.39,5118058.0,9500,5700.0,2,True,0,0,0,2,0,3.5,U,0
4387,0.45,5.55,3286690.0,4500,3900.0,20,True,2,1,0,45,0,11.0,U,0
6449,1.11,1.62,4695710.0,6100,3400.0,5,True,1,0,0,15,0,2.0,U,0
5419,0.0,0.62,3713969.0,5300,7300.0,14,True,1,0,1,29,0,26.5,U,0
4652,23.97,38.96,3287009.0,3000,3200.0,27,True,4,0,2,77,1,16.5,U,0
4522,0.0,0.23,3286893.0,4000,3300.0,8,True,0,0,0,8,0,10.0,U,0
4396,0.0,0.18,3286703.0,9200,6800.0,22,True,2,0,1,47,0,7.5,L,1
6461,6.15,9.0,3287924.0,45000,26500.0,135,True,7,1,7,245,1,3.0,L,1
4515,18.17,19.13,5156304.0,15500,9500.0,7,True,0,1,0,12,0,3.5,U,0
4399,0.36,0.69,4917933.0,15100,8900.0,34,True,4,4,6,124,1,3.0,U,0
6231,0.0,0.34,11414483.0,7500,4800.0,23,True,0,1,1,33,0,4.5,U,0
5415,0.55,1.72,4748363.0,5100,4400.0,8,True,0,0,0,8,0,11.0,U,0
4679,0.0,13.92,3287022.0,450,420.0,5,True,0,0,0,5,0,13.5,U,0
3867,11.6,13.96,3286515.0,900,850.0,2,True,0,0,0,2,0,13.5,U,0
4643,4.81,8.49,4754849.0,1400,1000.0,10,True,2,0,2,40,0,6.5,U,0
8400,348.55,349.72,3288368.0,9300,10700.0,19,True,4,0,3,74,1,19.5,L,1
4649,0.0,0.98,3287001.0,4300,2800.0,5,True,0,0,0,5,0,4.5,U,0
8400,353.48,353.71,3288376.0,10900,8000.0,17,True,0,0,0,17,0,7.0,L,1
4760,0.0,1.08,3287035.0,25700,19300.0,53,True,3,2,1,98,1,8.0,L,1
3160,0.0,20.89,3286312.0,800,800.0,9,True,3,0,4,59,0,15.0,U,0
4483,0.0,6.58,3286738.0,2700,2400.0,10,True,0,0,0,10,0,12.0,U,0
6146,2.73,3.43,3287727.0,32700,19100.0,91,True,1,1,7,141,1,3.0,L,1
1000,111.66,389.76,12234782.0,390,500.0,37,True,8,2,2,137,1,23.0,U,0
6161,1.67,1.89,11240808.0,16000,9700.0,21,True,1,0,5,56,0,3.5,L,1
5603,3.33,3.89,3287364.0,35700,26500.0,48,True,3,1,2,93,1,7.5,U,0
5221,8.88,10.11,4691836.0,30900,17500.0,32,True,3,0,4,82,1,2.0,L,1
6155,2.16,2.59,4446692.0,26300,17200.0,62,True,4,3,7,152,1,5.0,U,0
5441,0.0,0.54,12312977.0,6900,8300.0,19,True,0,1,1,29,0,20.5,U,0
6161,0.0,0.56,11240822.0,22800,15400.0,98,True,8,3,25,318,1,5.5,L,1
5610,9.45,9.63,11241308.0,16700,12400.0,27,True,0,0,1,32,0,7.5,L,1
4763,17.62,24.33,4695815.0,6100,5100.0,22,True,3,1,3,72,1,10.5,U,0
3861,0.87,19.65,7572626.0,950,1100.0,15,True,2,1,1,45,0,19.0,U,0
6161,0.56,1.04,11240820.0,20100,15200.0,56,True,6,1,13,186,1,8.0,L,1
7800,171.73,171.86,9079424.0,2500,4600.0,0,False,0,0,0,0,0,41.0,L,1
5612,3.92,4.74,3713922.0,31700,19900.0,205,True,8,4,14,375,1,4.0,L,1
4790,0.0,20.86,3287080.0,1200,1100.0,29,True,7,1,0,104,1,12.5,U,0
4500,2.2,2.85,11256337.0,53300,48500.0,13,True,1,0,0,23,0,12.5,L,1
6170,1.12,1.27,13147023.0,25100,15000.0,21,True,2,1,2,56,0,3.0,U,0
7503,0.0,8.21,3288247.0,850,750.0,2,True,0,0,0,2,0,11.0,U,0
5603,1.28,2.83,3287358.0,39600,28800.0,181,True,8,4,18,371,1,7.0,L,1
4781,5.53,5.91,6382944.0,6700,4500.0,5,True,0,2,0,15,0,5.5,U,0
5400,9.06,10.25,3287292.0,28400,17300.0,124,True,5,1,3,194,1,3.5,U,0
3160,265.5,265.95,12188025.0,13800,10200.0,25,True,0,1,0,30,0,7.0,L,1
4016,35.3,50.57,3286576.0,600,550.0,2,True,0,0,0,2,0,11.5,U,0
6604,16.67,18.14,3288020.0,25700,17200.0,56,True,5,1,3,126,1,5.5,L,1
5833,11.53,13.1,3901912.0,40400,26100.0,79,True,2,2,10,159,1,4.5,L,1
7800,171.86,172.84,9079426.0,2500,4700.0,0,False,0,0,0,0,0,40.0,U,0
5610,7.73,7.96,11241291.0,20500,16100.0,22,True,2,0,5,67,0,9.0,U,0
5036,0.0,0.47,3287130.0,11800,6700.0,71,True,1,2,1,96,1,2.5,L,1
5402,1.08,2.46,7759850.0,25400,17500.0,71,True,4,2,3,136,1,6.0,L,1
3329,43.79,45.09,3286357.0,1700,1700.0,4,True,1,0,0,14,0,14.0,U,0
4496,0.0,9.31,3286825.0,1700,1300.0,10,True,0,0,2,20,0,7.5,U,0
6613,2.31,2.45,13636686.0,16100,9000.0,14,True,1,1,1,34,0,2.0,U,0
5860,1.63,2.3,3287598.0,26100,16900.0,104,True,1,2,1,129,1,4.5,U,0
7880,47.82,48.68,3288291.0,430,500.0,0,False,0,0,0,0,0,21.0,U,0
5406,12.34,12.58,13108065.0,15000,14100.0,5,True,1,0,0,15,0,13.5,L,1
3160,180.87,184.46,12188019.0,3700,3900.0,3,True,0,0,0,3,0,16.0,U,0
6608,0.5,1.08,4918096.0,32000,19000.0,86,True,2,3,6,151,1,3.0,L,1
5848,0.0,1.69,3287572.0,9900,6300.0,56,True,2,2,3,101,1,4.0,L,1
72000,6.79,9.99,6109204.0,5500,4800.0,9,True,2,0,3,44,0,11.0,U,0
5405,4.22,5.38,4427948.0,35600,20000.0,78,True,1,4,0,108,1,2.0,L,1
3329,79.24,79.5,6215066.0,1000,1300.0,1,True,0,0,0,1,0,24.0,U,0
6604,20.64,21.45,3288026.0,18700,10700.0,66,True,1,5,3,116,1,2.5,L,1
5833,7.25,8.14,3287548.0,41200,26900.0,105,True,2,2,3,150,1,4.5,L,1
2418,0.15,0.65,4714402.0,6100,3300.0,10,True,1,0,0,20,0,1.5,U,0
3480,0.0,0.61,6402084.0,3600,2400.0,1,True,1,0,1,16,0,4.5,U,0
6611,0.0,0.17,12221516.0,2100,1200.0,2,True,0,0,0,2,0,3.0,U,0
2000,795.64,796.26,3286189.0,650,1200.0,0,False,0,0,0,0,0,37.0,U,0
47665,0.0,0.35,12064315.0,5500,3500.0,1,True,0,0,0,1,0,4.0,U,0
3486,2.3,2.51,6410463.0,2200,1600.0,3,True,0,0,0,3,0,7.0,U,0
10060,0.0,29.57,12113613.0,110,110.0,2,True,0,0,0,2,0,15.5,U,0
2000,796.26,883.25,3286190.0,1000,1900.0,23,True,4,0,1,68,0,43.0,U,0
54030,0.0,1.56,3288520.0,1000,1100.0,2,True,0,0,0,2,0,18.0,U,0
8000,83.61,107.26,3288297.0,2300,3100.0,19,True,1,1,0,34,0,24.0,U,0
5006,7.2,8.61,3287118.0,10600,8600.0,62,True,2,3,2,107,1,9.5,U,0
4495,25.27,25.38,6382193.0,8700,5900.0,8,True,2,0,0,28,0,5.5,U,0
6180,0.0,0.63,11240146.0,16100,9600.0,30,True,0,0,1,35,0,3.0,L,1
6780,8.97,13.48,5101554.0,56200,51700.0,57,True,3,0,2,97,1,12.5,L,1
5833,8.14,9.29,3287551.0,51300,32400.0,135,True,5,2,5,220,1,4.5,L,1
7800,170.99,171.46,5137648.0,2700,5000.0,0,False,0,0,0,0,0,39.0,L,1
5610,7.42,7.57,11241285.0,19800,14300.0,20,True,2,2,8,90,1,7.0,L,1
5000,9.83,12.0,3287109.0,11400,8500.0,19,True,2,1,3,59,0,7.5,U,0
5315,0.0,0.77,11414505.0,650,650.0,6,True,1,1,0,21,0,17.0,U,0
3160,102.25,122.42,3286325.0,480,550.0,1,True,1,1,0,16,0,20.0,U,0
4495,18.73,20.18,5155976.0,8500,7300.0,4,True,0,0,0,4,0,10.5,U,0
6780,1.13,1.58,13115669.0,63100,54300.0,22,True,1,1,2,47,0,11.0,L,1
5833,9.29,9.87,3901910.0,47600,30300.0,55,True,2,1,2,90,1,4.0,L,1
7800,172.84,173.61,5137647.0,4200,7800.0,1,True,0,0,0,1,0,40.5,U,0
5621,0.43,0.74,11235454.0,7200,3900.0,6,True,0,0,2,16,0,1.5,U,0
5051,0.41,0.62,12113556.0,5400,5000.0,16,True,0,1,2,31,0,12.5,L,1
5400,2.35,3.63,3287284.0,24700,14700.0,98,True,2,2,6,158,1,3.0,U,0
3163,0.0,49.4,3286339.0,300,340.0,6,True,2,0,1,31,0,18.5,U,0
6735,1.88,2.17,4695711.0,16400,9300.0,18,True,0,0,1,23,0,2.5,U,0
5845,1.44,1.91,3287567.0,25000,15200.0,40,True,0,1,1,50,0,3.5,L,1
7801,0.0,1.4,3288288.0,1400,2400.0,1,True,0,0,0,1,0,35.5,U,0
5409,0.21,1.45,12398199.0,26100,20700.0,37,True,1,2,2,67,0,9.0,L,1
3492,11.7,19.42,3286399.0,950,1300.0,3,True,0,0,0,3,0,24.0,U,0
6613,0.82,1.65,4428295.0,16800,9700.0,29,True,0,2,4,59,0,2.5,U,0
5836,2.32,3.15,4346929.0,17600,10500.0,36,True,0,0,2,46,0,3.0,L,1
1506,27.15,29.52,12459284.0,410,270.0,0,False,0,0,0,0,0,5.0,U,0
6000,2.78,3.49,3723497.0,12500,8200.0,10,True,1,2,2,40,0,5.0,U,0
5221,10.55,11.37,3715801.0,20000,11600.0,29,True,3,0,3,74,1,3.0,L,1
6586,0.2,1.65,4428306.0,10100,5900.0,45,True,1,0,3,70,0,2.5,L,1
1000,926.38,927.09,3286166.0,4700,5100.0,1,True,0,0,0,1,0,18.0,U,0
4763,43.42,53.34,3287059.0,2200,2000.0,19,True,6,2,4,109,1,12.5,U,0
6592,2.0,2.71,3287976.0,26600,15400.0,64,True,2,4,4,124,1,2.5,U,0
4603,2.52,2.95,4695810.0,17800,10400.0,13,True,0,0,2,23,0,3.0,U,0
4793,31.5,32.36,3287085.0,12000,9300.0,15,True,0,0,2,25,0,8.5,U,0
24016,0.0,0.18,3288475.0,2500,1700.0,0,False,0,0,0,0,0,5.0,U,0
7200,6.95,7.64,7843468.0,48100,31200.0,82,True,2,3,2,127,1,4.5,L,1
6300,0.0,1.25,5156364.0,1900,1200.0,0,False,0,0,0,0,0,4.5,U,0
5215,0.0,0.46,3287213.0,17800,10600.0,64,True,1,1,3,94,1,3.5,L,1
58017,0.73,2.48,12949095.0,3500,3800.0,8,True,0,0,0,8,0,17.0,U,0
5824,0.4,0.46,12888005.0,9500,5500.0,6,True,0,1,2,21,0,2.5,U,0
6012,6.47,8.3,3287643.0,22000,14000.0,113,True,2,8,9,218,1,4.5,U,0
4141,1.01,2.49,3286619.0,5100,2900.0,6,True,1,1,0,21,0,2.0,U,0
5201,5.63,6.37,3287189.0,10500,6300.0,24,True,0,1,1,34,0,3.5,U,0
6580,0.42,0.52,4749894.0,11800,7000.0,6,True,0,0,0,6,0,3.0,L,1
64001,0.15,0.19,13441006.0,5800,3700.0,0,False,0,0,0,0,0,4.5,L,1
7200,51.68,55.66,9079345.0,11800,14800.0,15,True,2,0,1,40,0,22.0,L,1
4489,14.57,17.06,3286791.0,7800,4900.0,37,True,2,1,4,82,1,4.0,U,0
4240,32.3,35.23,3286636.0,2100,2100.0,8,True,1,0,0,18,0,15.0,U,0
6202,0.0,0.54,7186759.0,1400,1700.0,16,True,0,0,0,16,0,21.5,U,0
6232,0.0,0.37,11414485.0,7800,5000.0,24,True,1,1,1,44,0,4.5,U,0
7200,161.92,164.97,3288190.0,3400,5500.0,4,True,1,0,0,14,0,32.5,U,0
4018,0.31,1.47,3286580.0,360,300.0,0,False,0,0,0,0,0,10.0,U,0
4366,10.19,11.47,3286663.0,1700,1600.0,0,False,0,0,0,0,0,13.0,U,0
6221,0.0,0.33,3287868.0,3100,2500.0,32,True,1,0,1,47,0,9.5,U,0
5406,7.51,8.36,6382709.0,36700,28600.0,24,True,0,0,0,24,0,8.5,L,1
7387,9.17,20.08,3288229.0,800,1500.0,2,True,0,0,0,2,0,42.5,U,0
4500,26.02,29.11,12623783.0,20800,22100.0,6,True,1,1,0,21,0,17.0,L,1
4243,26.71,34.96,3286645.0,2000,2000.0,7,True,1,0,1,22,0,14.5,U,0
6206,0.55,1.43,7197937.0,40900,26700.0,31,True,1,0,2,51,0,5.0,L,1
8492,26.92,30.2,6387027.0,650,700.0,2,True,0,0,0,2,0,17.0,U,0
2200,0.0,63.52,3286198.0,490,600.0,5,True,0,0,0,5,0,20.5,U,0
3400,371.16,379.82,3286383.0,1800,1900.0,10,True,1,1,0,25,0,16.0,U,0
8667,0.0,3.54,3288429.0,700,700.0,1,True,0,0,0,1,0,15.5,U,0
6794,0.0,0.43,12506834.0,7200,6200.0,20,True,1,0,0,30,0,11.0,U,0
2011,0.81,1.62,3286197.0,1800,1600.0,7,True,0,0,0,7,0,12.0,U,0
8829,12.59,16.81,3288450.0,1300,1800.0,2,True,0,0,0,2,0,26.0,U,0
7018,15.72,19.1,3288102.0,7300,4500.0,14,True,0,1,1,24,0,4.0,U,0
7100,84.21,94.08,3288109.0,650,950.0,1,True,0,0,0,1,0,27.5,U,0
6124,1.67,1.88,13146983.0,8700,4600.0,13,True,1,0,4,43,0,1.5,U,0
5215,1.04,2.21,4427906.0,11000,7100.0,18,True,0,0,3,33,0,4.5,U,0
2430,0.55,0.78,3286248.0,11300,6200.0,13,True,1,0,2,33,0,2.0,U,0
5824,1.44,2.1,3287509.0,27900,16400.0,35,True,4,2,5,110,1,3.0,L,1
6860,0.57,0.65,7402204.0,16400,9500.0,5,True,0,0,1,10,0,2.5,L,1
4141,6.43,9.0,3286620.0,11100,11000.0,19,True,4,1,2,74,1,14.5,U,0
5201,0.0,1.3,3287184.0,35400,21100.0,140,True,5,1,11,250,1,3.0,L,1
5815,1.68,2.06,7688903.0,10800,7200.0,15,True,2,1,3,55,0,5.0,L,1
7200,7.64,9.98,3288136.0,46700,29300.0,197,True,7,6,6,327,1,4.0,L,1
6000,4.34,5.0,4750452.0,2700,2100.0,6,True,0,0,0,6,0,9.0,U,0
4141,22.81,27.91,3286624.0,3300,3500.0,3,True,0,0,0,3,0,16.5,U,0
5300,4.32,6.81,11264351.0,23000,24200.0,15,True,0,0,0,15,0,16.5,L,1
6592,3.96,4.36,3287978.0,25200,14700.0,35,True,3,2,2,85,1,3.0,L,1
5654,3.91,4.87,3287465.0,8500,6200.0,41,True,0,0,3,56,0,7.0,U,0
6120,0.38,0.55,11240750.0,7600,4300.0,29,True,5,0,10,129,1,2.0,U,0
2800,13.61,82.04,6378894.0,33,48.0,3,True,1,0,0,13,0,27.5,U,0
5803,0.0,1.01,3287482.0,2000,2000.0,6,True,1,0,2,26,0,14.5,U,0
8832,15.67,22.74,3288457.0,2400,2400.0,5,True,0,0,0,5,0,16.0,U,0
1503,13.4,85.19,7304667.0,500,700.0,8,True,2,0,0,28,0,26.0,U,0
4783,0.0,0.34,3287074.0,1300,1100.0,0,False,0,0,0,0,0,10.0,U,0
4156,0.47,0.65,3286629.0,1500,900.0,0,False,0,0,0,0,0,3.5,U,0
5221,3.43,3.8,3287261.0,50900,30000.0,125,True,4,3,6,210,1,3.0,L,1
6580,5.33,6.97,3287957.0,29000,18000.0,296,True,13,4,23,561,1,4.0,L,1
4606,5.02,7.25,4695806.0,5300,3300.0,16,True,0,2,2,36,0,4.0,U,0
4880,1.38,15.69,6401293.0,600,600.0,1,True,1,0,0,11,0,14.0,U,0
16021,0.0,98.51,6234678.0,39,60.0,10,True,5,2,2,80,1,31.0,U,0
4601,0.96,3.25,3286926.0,24600,14100.0,39,True,1,0,3,64,0,2.5,L,1
4883,0.0,5.72,3287097.0,1300,1400.0,4,True,1,0,0,14,0,17.5,U,0
20011,9.77,10.51,12878057.0,6,6.0,0,False,0,0,0,0,0,16.5,U,0
4607,0.0,0.6,3286937.0,2500,1500.0,7,True,1,1,1,27,0,3.0,U,0
22018,0.0,123.31,7686024.0,3,2.0,2,True,0,0,0,2,0,0.0,U,0
6170,0.79,0.96,11240734.0,24800,15300.0,40,True,0,0,6,70,0,4.0,U,0
7200,13.66,15.64,3288147.0,59400,35600.0,222,True,13,7,9,432,1,3.5,L,1
4489,17.87,18.47,6382231.0,5500,3500.0,9,True,1,1,1,29,0,4.0,U,0
6180,2.04,3.1,4322606.0,28400,18400.0,109,True,2,1,10,184,1,4.5,U,0
56024,1.46,1.78,12861766.0,8700,10300.0,6,True,0,0,0,6,0,20.5,U,0
7500,51.06,69.67,4745983.0,480,650.0,6,True,0,0,0,6,0,25.0,U,0
4500,8.54,8.98,6417542.0,55800,51100.0,21,True,0,0,0,21,0,12.5,L,1
6203,35.11,36.29,3287832.0,19700,11600.0,49,True,1,8,5,124,1,3.0,L,1
6205,1.2,1.45,12313301.0,14400,13600.0,9,True,0,1,0,14,0,13.0,U,0
8640,0.0,0.4,3288399.0,2200,2100.0,0,False,0,0,0,0,0,14.0,U,0
7500,107.4,131.88,3288244.0,800,1100.0,9,True,0,0,0,9,0,24.0,U,0
8320,0.0,62.6,3288331.0,220,340.0,9,True,2,0,1,34,0,32.0,U,0
3483,1.89,6.43,6410482.0,2600,2500.0,7,True,3,0,1,42,0,14.0,U,0
6607,1.63,3.02,3288030.0,26900,15700.0,68,True,3,2,3,123,1,3.0,L,1
5830,3.66,5.31,3287533.0,14000,8200.0,33,True,1,1,1,53,0,3.0,U,0
2000,482.97,487.81,3286183.0,1100,1600.0,3,True,0,0,0,3,0,28.0,U,0
3492,47.56,47.99,3286407.0,1500,1600.0,3,True,1,0,0,13,0,15.5,U,0
6601,10.34,11.04,3901870.0,45900,27900.0,115,True,4,3,4,190,1,3.5,L,1
2000,410.04,448.72,12256859.0,700,1200.0,9,True,0,0,0,9,0,37.0,U,0
3500,87.24,91.08,3286431.0,2900,4600.0,6,True,1,0,1,21,0,33.0,U,0
10060,108.06,164.97,12113615.0,65,55.0,0,False,0,0,0,0,0,9.0,U,0
2400,12.6,54.28,13133965.0,200,260.0,2,True,0,0,0,2,0,23.5,U,0
10040,0.0,105.45,12113619.0,38,26.0,2,True,0,0,0,2,0,5.5,U,0
5639,2.87,3.41,3287418.0,33000,20700.0,65,True,1,0,3,90,1,4.0,L,1
5218,0.0,0.65,3287220.0,19400,12600.0,66,True,2,2,4,116,1,4.5,L,1
2000,621.47,686.88,3286186.0,700,1200.0,9,True,0,0,0,9,0,37.0,U,0
8658,0.0,5.77,3288419.0,160,170.0,2,True,0,0,0,2,0,16.5,U,0
10033,0.0,47.52,12878060.0,9,5.0,0,False,0,0,0,0,0,,U,0
7000,42.5,45.67,3288084.0,240,220.0,2,True,0,0,0,2,0,13.0,U,0
6027,1.03,1.64,4757399.0,15400,8900.0,94,True,2,1,13,184,1,3.0,L,1
5206,4.98,5.87,3287207.0,11400,6800.0,15,True,0,1,2,30,0,3.0,U,0
7018,0.0,0.22,4898075.0,7500,5100.0,6,True,0,0,0,6,0,5.5,U,0
6122,1.88,2.22,11240775.0,7200,3700.0,27,True,2,0,8,87,1,1.0,U,0
5063,7.5,7.78,4428106.0,22800,14700.0,50,True,2,0,5,95,1,4.5,U,0
5648,7.07,8.87,3287449.0,41700,25400.0,73,True,2,0,6,123,1,3.5,L,1
7000,54.12,54.24,3288089.0,4700,5200.0,2,True,0,0,0,2,0,17.5,L,1
5865,0.36,0.67,7923390.0,15000,8200.0,7,True,0,0,1,12,0,1.5,U,0
6120,0.0,0.19,11240749.0,7600,4200.0,24,True,0,1,2,39,0,2.0,U,0
7200,241.79,241.8,7690108.0,6000,4500.0,1,True,0,0,1,6,0,8.0,U,0
4514,0.0,0.17,5155189.0,550,330.0,0,False,0,0,0,0,0,3.5,U,0
28018,0.0,83.51,7685916.0,3,4.0,0,False,0,0,0,0,0,33.5,U,0
4384,33.6,34.14,5159279.0,10600,6500.0,17,True,0,0,2,27,0,3.5,U,0
6206,0.0,0.55,3287841.0,43200,28500.0,66,True,3,1,7,136,1,5.0,L,1
3855,32.2,40.88,5155398.0,1900,1900.0,12,True,1,1,1,32,0,16.0,U,0
4682,31.17,48.33,3289543.0,460,650.0,4,True,0,0,1,9,0,28.5,U,0
4390,0.0,1.11,3286692.0,3500,2900.0,3,True,0,0,0,3,0,10.5,U,0
6460,0.0,0.18,13115545.0,15200,10800.0,4,True,0,0,0,4,0,6.5,U,0
5418,0.0,1.9,3713166.0,25000,23000.0,84,True,3,0,7,149,1,13.0,L,1
4655,6.08,10.52,3287013.0,4800,4300.0,25,True,3,1,3,75,1,11.5,U,0
5421,1.45,1.99,3287347.0,6700,9500.0,5,True,0,0,0,5,0,27.0,U,0
4646,7.74,22.69,3286998.0,7000,5300.0,55,True,7,1,2,140,1,8.0,U,0
6203,31.65,32.6,4696119.0,24200,15000.0,28,True,3,2,2,78,1,4.0,L,1
4673,14.36,14.69,13636924.0,2300,2400.0,1,True,0,0,0,1,0,16.0,U,0
6033,0.22,1.04,3287686.0,30200,23400.0,74,True,2,0,2,104,1,8.5,L,1
4405,2.51,3.2,13506465.0,22200,12700.0,14,True,0,0,0,14,0,2.5,L,1
6161,1.89,2.22,11240804.0,16700,10000.0,22,True,2,1,5,72,1,3.0,L,1
4609,1.67,2.2,4780000.0,13000,7700.0,10,True,0,1,0,15,0,3.0,U,0
4880,38.85,39.75,3287093.0,3500,3500.0,7,True,2,0,1,32,0,14.5,U,0
22000,0.0,106.34,7685284.0,4,2.0,0,False,0,0,0,0,0,,U,0
4640,5.44,8.06,4691869.0,1300,750.0,17,True,1,0,2,37,0,2.5,U,0
6182,0.56,1.12,11240738.0,15200,8300.0,35,True,3,0,4,85,1,1.5,U,0
17012,0.0,12.98,3288461.0,11,10.0,0,False,0,0,0,0,0,9.0,U,0
4640,11.67,14.35,5087986.0,260,240.0,13,True,5,1,7,103,1,12.5,U,0
6180,0.63,0.96,4322447.0,21300,13100.0,40,True,0,0,0,40,0,4.0,L,1
20008,0.0,14.82,12878052.0,3,5.0,0,False,0,0,0,0,0,33.5,U,0
6185,6.29,6.75,3287758.0,26800,15600.0,29,True,3,1,4,84,1,3.0,U,0
53307,0.0,0.76,13036583.0,5600,5600.0,5,True,0,0,0,5,0,15.0,U,0
7200,245.79,245.91,6109220.0,2700,4400.0,0,False,0,0,0,0,0,32.5,L,1
4531,0.63,0.71,4754868.0,7500,5800.0,18,True,0,1,3,38,0,8.5,U,0
6203,21.04,21.47,4210386.0,18600,11400.0,30,True,0,1,4,55,0,4.0,L,1
53311,0.43,0.56,13001618.0,18100,12500.0,49,True,3,1,1,89,1,6.0,U,0
7380,0.0,20.99,3288221.0,800,750.0,10,True,5,0,5,85,1,12.5,U,0
4507,0.0,2.95,3286859.0,5500,3900.0,9,True,1,0,2,29,0,6.5,U,0
6203,10.46,11.36,3287787.0,43300,44700.0,182,True,5,4,8,292,1,16.0,L,1
6300,5.8,5.92,3287877.0,8300,4900.0,3,True,0,0,0,3,0,3.0,L,1
7200,239.99,240.8,6109202.0,9700,8000.0,16,True,1,1,0,31,0,10.0,L,1
4515,8.58,9.3,5156284.0,7900,5000.0,24,True,0,1,0,29,0,4.5,U,0
4384,34.14,35.55,3286688.0,5000,4100.0,9,True,0,1,1,19,0,10.0,U,0
6212,5.18,6.41,3287855.0,37700,21600.0,97,True,3,2,6,167,1,2.5,L,1
5409,8.31,8.8,3712730.0,8600,5600.0,24,True,0,1,0,29,0,4.5,U,0
7401,0.0,1.06,3288238.0,900,750.0,0,False,0,0,0,0,0,10.5,U,0
4500,72.8,73.74,3286849.0,15000,23600.0,10,True,2,1,0,35,0,32.0,L,1
4391,0.0,0.71,3286697.0,11900,6800.0,15,True,0,0,0,15,0,2.5,U,0
6446,0.0,0.22,4693699.0,8200,4800.0,20,True,0,0,0,20,0,3.0,U,0
5421,0.94,1.45,3287346.0,6800,10400.0,16,True,0,0,0,16,0,31.0,U,0
4643,8.49,9.57,4693703.0,2600,1700.0,7,True,0,0,2,17,0,4.5,U,0
4524,0.13,0.46,3286897.0,2900,2200.0,10,True,0,0,0,10,0,8.5,U,0
5645,1.32,2.43,7189386.0,20900,14600.0,107,True,3,6,14,237,1,6.0,L,1
3680,0.95,28.92,3286479.0,1100,1100.0,9,True,1,0,1,24,0,14.5,U,0
4646,1.39,1.71,4696121.0,29000,18100.0,30,True,0,0,0,30,0,4.0,L,1
4571,0.0,0.86,3286916.0,3100,2800.0,4,True,1,0,1,19,0,12.5,U,0
6461,9.0,9.36,13115544.0,42000,24600.0,19,True,1,0,2,39,0,2.5,L,1
7018,0.22,10.78,3288100.0,4800,5300.0,16,True,1,0,0,26,0,17.5,U,0
4004,11.67,16.54,3286538.0,700,600.0,1,True,0,0,0,1,0,10.0,U,0
4679,13.92,14.83,3287023.0,650,600.0,0,False,0,0,0,0,0,13.0,U,0
8486,0.0,0.43,3288386.0,1700,950.0,0,False,0,0,0,0,0,2.0,U,0
6782,0.0,0.57,4980492.0,11400,9500.0,12,True,0,0,1,17,0,10.5,U,0
3870,50.39,51.35,3286522.0,700,800.0,1,True,0,0,0,1,0,18.5,U,0
67801,0.0,0.17,13115603.0,1100,600.0,1,True,0,0,0,1,0,2.0,U,0
4652,2.44,14.09,5153942.0,2200,2300.0,7,True,1,0,0,17,0,17.0,U,0
8400,195.22,198.85,3288350.0,1100,1300.0,5,True,1,0,1,20,0,21.0,U,0
4489,0.0,0.42,3286754.0,47000,26900.0,84,True,2,0,2,114,1,2.5,L,1
4763,1.36,4.91,3287051.0,20800,15600.0,45,True,1,1,0,60,0,7.5,L,1
8400,50.96,51.76,3288348.0,2800,3700.0,3,True,1,0,1,18,0,25.0,U,0
2600,315.34,315.98,4696251.0,10200,6600.0,6,True,1,2,1,31,0,5.0,U,0
4489,0.42,1.42,4748812.0,48300,27900.0,130,True,4,4,12,250,1,2.5,L,1
4688,3.9,5.61,3287031.0,7200,5900.0,14,True,2,1,2,49,0,9.5,U,0
4486,11.19,20.64,3286751.0,950,900.0,28,True,6,5,1,118,1,13.5,U,0
6143,0.0,1.15,3287714.0,28000,17500.0,95,True,4,4,7,190,1,4.0,L,1
5610,9.11,9.27,11241303.0,19400,18400.0,27,True,1,1,4,62,0,13.5,L,1
80001,1.5,2.1,13128144.0,2600,3300.0,2,True,2,0,2,32,0,23.0,U,0
6150,0.68,1.19,3287737.0,13500,7500.0,41,True,2,1,4,86,1,2.0,U,0
5610,7.96,8.15,11241292.0,25600,18500.0,30,True,1,1,4,65,0,7.0,L,1
4880,15.69,26.14,6401294.0,650,550.0,1,True,1,0,0,11,0,12.5,U,0
68603,0.0,0.76,3288536.0,2100,1300.0,15,True,0,1,1,25,0,3.5,U,0
6140,3.22,3.9,3287713.0,14700,7900.0,50,True,2,0,4,90,1,1.5,L,1
5610,5.87,6.02,3713886.0,17800,10700.0,32,True,2,0,2,62,0,3.5,L,1
4883,5.72,23.17,3287098.0,1200,1400.0,5,True,1,0,0,15,0,19.0,U,0
53202,0.0,0.46,11264843.0,1900,1600.0,0,False,0,0,0,0,0,11.0,U,0
2800,0.0,0.58,3286284.0,230,220.0,0,False,0,0,0,0,0,13.0,U,0
4483,21.04,22.76,4981038.0,4200,4000.0,6,True,1,0,1,21,0,13.0,U,0
6164,0.3,0.5,11240652.0,12700,8100.0,17,True,1,0,5,52,0,4.5,L,1
5221,12.39,13.93,4748644.0,11900,7300.0,22,True,2,1,2,57,0,3.5,U,0
4495,10.12,13.89,3286815.0,3200,2100.0,6,True,1,1,1,26,0,5.0,U,0
6200,0.83,1.29,4918098.0,21000,15200.0,28,True,0,1,3,48,0,7.0,L,1
7623,0.0,1.42,3288267.0,7200,6600.0,4,True,2,0,2,34,0,12.5,U,0
5609,0.4,0.96,3287371.0,19800,11800.0,77,True,4,1,8,162,1,3.5,U,0
6780,2.09,2.26,13115652.0,37900,35100.0,3,True,1,0,1,18,0,12.5,L,1
5845,0.0,0.8,3287563.0,11000,6100.0,51,True,1,1,1,71,0,2.0,L,1
7800,0.0,3.0,3288278.0,7000,12300.0,7,True,2,1,0,32,0,37.0,U,0
5610,7.57,7.73,11241287.0,20500,16100.0,10,True,0,0,3,25,0,8.5,L,1
5021,4.24,5.73,11251185.0,3200,3100.0,7,True,1,0,0,17,0,14.0,U,0
5320,0.0,0.9,12961221.0,2000,2300.0,2,True,0,1,0,7,0,18.5,U,0
3160,122.42,124.56,3286326.0,1000,1300.0,1,True,0,0,0,1,0,22.0,U,0
4015,46.26,46.64,3286567.0,2800,2400.0,4,True,1,0,2,24,0,10.5,L,1
6610,0.0,1.65,3288041.0,16000,9500.0,111,True,3,4,4,181,1,3.0,L,1
5854,0.0,1.46,3287590.0,11600,7500.0,58,True,2,3,6,123,1,4.5,U,0
7800,171.46,171.73,5137650.0,4100,7500.0,0,False,0,0,0,0,0,40.0,L,1
5018,3.58,4.52,13404063.0,18100,12000.0,66,True,5,4,3,151,1,5.0,U,0
5405,5.38,5.98,3287311.0,30000,16500.0,60,True,0,3,0,75,1,2.0,L,1
3160,150.75,160.56,12188029.0,700,800.0,3,True,0,0,0,3,0,18.5,U,0
4489,32.95,33.41,3286800.0,3600,2400.0,2,True,0,0,1,7,0,5.5,U,0
4515,15.17,15.79,13443283.0,10200,6200.0,8,True,0,0,1,13,0,3.5,U,0
4384,26.8,28.11,6235813.0,10200,6100.0,17,True,0,1,3,37,0,3.0,U,0
6449,10.7,11.05,4446618.0,9400,5300.0,6,True,0,0,1,11,0,2.5,L,1
5412,0.95,2.18,3719650.0,22800,15000.0,68,True,3,3,0,113,1,5.0,L,1
4500,8.98,9.43,4322690.0,45200,43300.0,11,True,0,0,0,11,0,13.5,L,1
6452,1.61,2.5,4757188.0,18800,10600.0,25,True,0,2,4,55,0,2.0,U,0
4004,0.0,8.19,3286536.0,420,350.0,1,True,0,0,0,1,0,10.0,U,0
4646,5.43,7.15,13636685.0,7700,4700.0,12,True,0,0,0,12,0,3.5,U,0
4532,0.07,0.6,3286900.0,1900,1500.0,10,True,0,0,0,10,0,9.5,U,0
6461,2.72,3.36,3287918.0,26700,15600.0,58,True,1,0,5,93,1,3.0,U,0
8486,3.29,18.97,3288389.0,1000,1100.0,3,True,0,0,0,3,0,18.0,U,0
6866,7.09,8.11,13537180.0,10500,6300.0,14,True,0,0,0,14,0,3.5,U,0
4009,84.8,97.97,3286551.0,900,850.0,3,True,1,0,0,13,0,12.0,U,0
3500,208.15,209.02,3286442.0,3400,5100.0,5,True,0,0,0,5,0,29.5,L,1
4646,7.15,7.74,13439603.0,10600,6700.0,17,True,0,0,0,17,0,4.0,U,0
4568,0.0,0.65,7199062.0,850,800.0,0,False,0,0,0,0,0,13.0,U,0
6452,2.5,2.98,4446707.0,19900,11400.0,81,True,2,2,6,141,1,2.5,L,1
8400,252.6,262.89,12640252.0,550,700.0,2,True,2,0,0,22,0,23.5,U,0
6866,4.86,5.77,4695783.0,15500,8800.0,35,True,2,6,2,95,1,2.5,L,1
3864,0.0,11.13,3286513.0,1200,1100.0,3,True,1,0,1,18,0,13.5,U,0
4141,40.86,52.08,3286625.0,3400,3600.0,19,True,0,1,0,24,0,17.5,U,0
8400,349.72,351.45,3288369.0,16200,18700.0,52,True,3,1,3,102,1,19.0,L,1
43620,0.0,0.27,3288497.0,2000,1700.0,1,True,0,0,0,1,0,11.0,U,0
4489,51.12,51.52,4695150.0,2900,2800.0,5,True,0,0,0,5,0,14.0,U,0
6202,0.79,0.99,7188728.0,6000,8000.0,16,True,0,0,0,16,0,25.0,U,0
5863,1.61,2.94,3287601.0,10200,6600.0,46,True,4,1,11,146,1,4.5,U,0
7800,170.42,170.99,3288285.0,3800,6500.0,1,True,0,0,0,1,0,37.0,L,1
5633,5.19,5.45,6234523.0,19000,12800.0,17,True,0,0,0,17,0,5.5,L,1
5036,0.47,1.62,12870437.0,9400,5500.0,29,True,1,0,1,44,0,3.0,L,1
4016,51.2,51.52,3286577.0,2900,2500.0,2,True,2,0,1,27,0,11.0,U,0
6176,0.62,0.79,11240198.0,53500,31600.0,76,True,0,2,9,131,1,3.0,L,1
6607,0.0,1.63,3288029.0,25600,15200.0,92,True,2,3,4,147,1,3.0,L,1
5833,3.3,4.93,3287542.0,29500,20300.0,94,True,1,0,6,134,1,6.0,L,1
7506,3.5,7.44,4746145.0,2500,2800.0,10,True,0,0,1,15,0,19.0,U,0
5624,0.0,1.46,3287398.0,49900,29800.0,160,True,3,5,7,250,1,3.5,L,1
5036,3.91,4.4,12639205.0,4900,2900.0,4,True,0,0,0,4,0,3.0,U,0
5300,27.86,28.76,13036609.0,69500,74100.0,5,True,0,0,1,10,0,17.0,L,1
3163,86.99,100.33,3286344.0,340,470.0,0,False,0,0,0,0,0,26.5,U,0
6726,0.18,1.37,3288062.0,21600,11900.0,45,True,1,2,1,70,0,2.0,L,1
5851,0.72,1.2,3287577.0,13100,7700.0,25,True,0,1,3,45,0,2.5,L,1
7700,99.24,99.61,3288271.0,1800,2900.0,1,True,0,0,0,1,0,33.0,L,1
5633,0.61,1.22,12902322.0,24700,17700.0,28,True,2,0,3,63,0,6.5,L,1
5000,0.0,1.35,3287106.0,5300,4900.0,22,True,1,1,0,37,0,13.0,U,0
5406,1.35,2.34,3287318.0,36200,23400.0,106,True,5,0,5,181,1,4.5,L,1
3400,310.21,313.1,3286378.0,900,1100.0,1,True,0,0,0,1,0,22.0,U,0
6726,3.12,3.7,4695742.0,16200,9000.0,18,True,2,3,4,73,1,2.0,L,1
5851,2.17,3.33,3287580.0,25100,14800.0,83,True,2,0,5,128,1,3.0,L,1
8160,0.51,1.02,3288321.0,1800,2000.0,2,True,0,0,0,2,0,19.0,U,0
60024,1.6,3.85,11413988.0,600,420.0,1,True,1,0,1,16,0,5.5,U,0
3492,6.89,11.7,3286398.0,1900,2100.0,2,True,0,0,0,2,0,19.0,U,0
6604,4.03,4.07,12899959.0,34600,22700.0,9,True,0,0,1,14,0,5.0,L,1
6021,11.68,15.33,12877912.0,460,410.0,13,True,1,0,4,43,0,12.0,U,0
2200,105.1,165.29,3286204.0,410,490.0,6,True,0,1,0,11,0,20.5,U,0
3500,96.7,101.6,3286433.0,5700,7700.0,11,True,2,1,0,36,0,24.5,U,0
6592,6.14,6.86,3287984.0,26600,15400.0,116,True,5,2,7,211,1,3.0,U,0
3486,1.04,1.67,6402062.0,5400,3400.0,4,True,1,0,2,24,0,4.0,U,0
6735,3.18,3.32,11208283.0,26000,14900.0,26,True,0,3,3,56,0,2.5,U,0
5845,3.85,3.97,3287571.0,21400,12600.0,22,True,0,1,1,32,0,3.0,U,0
2000,686.88,706.46,6363160.0,850,1400.0,10,True,1,1,1,30,0,33.0,U,0
8166,0.0,5.41,3288329.0,700,700.0,1,True,0,0,0,1,0,14.5,U,0
2412,37.59,74.76,3286233.0,340,390.0,5,True,0,0,0,5,0,19.0,U,0
3500,101.6,109.01,3286434.0,4500,6300.0,17,True,3,2,0,57,0,26.5,U,0
10001,13.22,24.51,12113622.0,29,34.0,0,False,0,0,0,0,0,20.5,U,0
2409,74.12,74.38,12029232.0,890,890.0,2,True,0,0,0,2,0,15.0,L,1
8649,17.66,17.81,6363156.0,42,60.0,0,False,0,0,0,0,0,26.0,U,0
6860,0.65,1.6,4874021.0,16900,9800.0,19,True,1,1,2,44,0,2.5,L,1
6122,0.0,0.56,11235441.0,5300,2900.0,47,True,3,0,8,117,1,1.5,U,0
5063,6.9,7.24,4714906.0,13600,8400.0,38,True,0,1,5,68,0,3.5,U,0
2600,54.32,72.7,3286261.0,1200,1400.0,1,True,0,0,0,1,0,20.0,U,0
8829,3.14,12.59,5153761.0,2300,2800.0,9,True,2,1,1,39,0,21.0,U,0
6866,4.13,4.62,4695782.0,15400,8500.0,19,True,0,2,0,29,0,2.0,L,1
6027,0.0,1.03,3287680.0,20000,11300.0,96,True,4,3,15,226,1,2.5,L,1
5200,3.2,3.32,3287172.0,10700,6300.0,4,True,0,0,0,4,0,3.0,U,0
5815,0.0,0.34,3287489.0,7500,4200.0,22,True,1,0,2,42,0,2.0,L,1
6863,3.87,4.22,3288074.0,2700,1700.0,14,True,0,2,0,24,0,4.5,U,0
6122,1.34,1.67,13146869.0,10000,5500.0,37,True,0,0,10,87,1,2.0,U,0
5215,2.21,3.37,4427907.0,4900,3300.0,10,True,0,1,0,15,0,5.5,U,0
5824,3.89,4.61,3713208.0,15800,9500.0,27,True,0,0,0,27,0,3.5,L,1
7200,199.84,205.81,3288194.0,4700,6200.0,7,True,2,0,0,27,0,23.5,U,0
6000,0.0,0.61,3287604.0,8800,5300.0,69,True,2,3,2,114,1,3.5,L,1
4138,0.0,0.32,3286614.0,1700,1100.0,3,True,0,0,0,3,0,4.5,U,0
5218,3.19,4.09,3287225.0,33100,28000.0,80,True,3,3,2,135,1,10.5,L,1
6580,5.06,5.33,3287954.0,38800,24200.0,120,True,4,2,3,185,1,4.0,L,1
5800,5.42,6.5,3713483.0,28600,24000.0,27,True,1,0,2,47,0,10.0,L,1
4782,0.0,0.63,3287073.0,1300,1100.0,2,True,0,0,0,2,0,9.0,U,0
4018,9.51,23.72,3286581.0,290,240.0,1,True,1,0,0,11,0,9.5,U,0
5221,0.0,0.82,3287257.0,29000,18400.0,117,True,4,2,9,212,1,4.5,U,0
6592,5.62,5.91,4428266.0,22300,13000.0,21,True,0,0,2,31,0,2.5,U,0
4487,0.0,9.01,3286753.0,1400,1500.0,9,True,0,0,0,9,0,16.5,U,0
4763,63.28,74.73,6388802.0,1200,1100.0,5,True,1,0,0,15,0,13.5,U,0
5300,10.97,14.42,11264354.0,39000,41200.0,25,True,1,0,1,40,0,16.5,L,1
4603,2.95,3.82,4695811.0,13300,7500.0,18,True,1,1,2,43,0,2.0,U,0
4763,74.73,75.38,13136223.0,950,850.0,1,True,0,0,0,1,0,11.5,U,0
15009,0.0,0.51,12897217.0,410,270.0,0,False,0,0,0,0,0,5.0,U,0
4606,3.24,4.03,4695804.0,15400,9300.0,14,True,0,3,1,34,0,3.5,U,0
20045,0.0,2.52,12585452.0,100,180.0,0,False,0,0,0,0,0,39.0,U,0
6203,1.39,3.19,12313040.0,71800,63500.0,154,True,10,2,11,319,1,11.5,L,1
7200,64.09,68.17,12601612.0,6800,9700.0,8,True,1,0,0,18,0,28.0,U,0
4489,18.47,20.16,3286792.0,6100,3800.0,15,True,6,0,3,90,1,4.0,U,0
6176,0.3,0.62,11240196.0,52100,32000.0,111,True,2,0,9,176,1,3.5,L,1
6212,2.42,2.48,12878228.0,53800,31400.0,63,True,2,2,1,98,1,3.0,L,1
7200,74.62,76.67,3288187.0,4600,7300.0,3,True,1,0,0,13,0,32.5,U,0
4515,5.33,5.92,3286871.0,7900,5400.0,9,True,1,1,3,39,0,6.0,U,0
4378,17.29,17.62,5155540.0,5000,4300.0,10,True,2,2,0,40,0,11.0,U,0
6185,2.99,3.83,3287752.0,44700,25300.0,118,True,1,1,9,178,1,2.0,L,1
6443,0.8,1.1,4446728.0,25700,14500.0,18,True,0,0,1,23,0,2.5,U,0
8640,0.4,2.1,6411464.0,1400,1300.0,4,True,0,0,0,4,0,14.5,U,0
7200,241.42,241.62,7690106.0,10800,8400.0,9,True,1,0,1,24,0,8.5,L,1
4523,0.0,0.44,3286894.0,3700,3000.0,7,True,0,0,1,12,0,10.0,U,0
4372,5.96,7.51,3286667.0,2300,2200.0,11,True,1,0,0,21,0,13.0,U,0
6215,4.67,5.56,4428146.0,30900,19100.0,67,True,0,0,3,82,1,4.0,L,1
8646,0.0,2.41,3288405.0,1700,1800.0,1,True,0,0,0,1,0,16.5,U,0
3510,0.0,1.16,13357445.0,3000,4100.0,2,True,0,0,0,2,0,26.5,U,0
7384,28.67,42.09,3288225.0,270,400.0,0,False,0,0,0,0,0,28.0,U,0
4500,9.43,13.19,6382713.0,44500,40800.0,50,True,1,1,4,85,1,12.5,L,1
4883,52.9,53.14,3287104.0,600,650.0,0,False,0,0,0,0,0,18.5,U,0
4400,0.2,0.36,4697190.0,550,470.0,0,False,0,0,0,0,0,11.0,U,0
6300,5.56,5.8,3287875.0,5600,3500.0,4,True,0,0,0,4,0,3.5,L,1
5419,2.25,4.06,3713992.0,9200,13200.0,35,True,2,0,3,70,0,28.5,L,1
4673,14.69,15.48,13636925.0,4800,4800.0,10,True,1,0,3,35,0,14.5,U,0
3006,10.07,61.43,7900843.0,350,420.0,5,True,1,1,0,20,0,21.5,U,0
4480,6.36,18.25,3286732.0,1500,1400.0,10,True,2,0,0,30,0,13.5,U,0
4009,43.35,44.56,7900823.0,1600,1500.0,4,True,1,0,1,19,0,14.0,U,0
4760,28.26,43.21,3287043.0,7700,7000.0,79,True,12,4,2,229,1,12.5,U,0
8400,301.01,301.31,3288356.0,3200,3500.0,2,True,1,0,1,17,0,17.0,U,0
2600,316.19,316.51,3286275.0,14700,9100.0,16,True,1,0,1,31,0,3.5,U,0
4489,5.86,6.71,3286769.0,49700,28600.0,169,True,4,2,8,259,1,2.5,L,1
4688,0.0,3.9,3287030.0,9500,7500.0,33,True,6,1,6,128,1,9.0,U,0
8400,51.76,112.16,5154540.0,1100,1600.0,17,True,0,1,1,27,0,28.0,U,0
3006,65.29,66.33,3286306.0,1400,1700.0,0,False,0,0,0,0,0,21.5,U,0
4480,26.38,33.88,5204975.0,1800,1600.0,6,True,1,1,0,21,0,13.0,U,0
4138,12.04,14.42,13640424.0,700,700.0,2,True,0,0,0,2,0,15.5,U,0
3400,222.82,243.39,3286373.0,370,650.0,4,True,0,0,0,4,0,38.0,U,0
4486,10.26,11.19,3286750.0,1600,1500.0,4,True,0,0,0,4,0,13.0,U,0
6161,1.04,1.18,11240818.0,16600,11000.0,31,True,0,1,4,56,0,5.0,L,1
1100,229.24,272.26,3286170.0,220,270.0,3,True,1,1,0,18,0,21.5,U,0
6158,0.5,0.62,11235440.0,19100,17600.0,45,True,0,1,9,95,1,13.0,L,1
21202,0.25,10.91,7331004.0,500,320.0,4,True,2,1,1,34,0,4.0,U,0
8646,21.59,31.99,3288409.0,2100,2100.0,4,True,0,0,1,9,0,15.0,U,0
5610,7.09,7.18,9221353.0,19800,14300.0,19,True,0,0,2,29,0,7.0,L,1
80001,2.1,3.11,13128146.0,1300,1300.0,0,False,0,0,0,0,0,15.5,U,0
44821,5.35,8.48,3288514.0,700,600.0,11,True,0,0,0,11,0,10.0,U,0
6182,1.73,2.23,11240741.0,4100,2200.0,26,True,0,0,5,51,0,1.0,U,0
24009,0.0,14.33,3288474.0,850,750.0,6,True,0,0,1,11,0,13.0,U,0
5432,0.54,0.81,7688026.0,18600,13700.0,23,True,2,0,2,53,0,7.5,L,1
4769,3.51,5.96,3287070.0,3400,2100.0,8,True,0,0,0,8,0,3.5,U,0
72000,0.0,6.79,6109203.0,4200,4300.0,13,True,1,0,1,28,0,15.5,U,0
43624,0.0,0.5,3288498.0,2200,1800.0,2,True,0,0,0,2,0,9.5,U,0
6185,0.55,1.63,3287742.0,51900,31000.0,104,True,3,1,10,189,1,3.0,L,1
5610,7.18,7.42,11241283.0,19800,14200.0,7,True,0,1,1,17,0,6.5,U,0
5000,1.35,9.83,3287108.0,5500,4500.0,34,True,1,3,1,64,0,9.0,U,0
4882,54.82,65.41,6384982.0,350,370.0,1,True,0,0,0,1,0,17.0,U,0
17051,0.0,29.53,7913503.0,60,50.0,2,True,2,0,2,32,0,10.0,U,0
4606,7.25,7.86,4695807.0,600,390.0,3,True,0,1,0,8,0,4.0,U,0
4763,14.94,17.36,4695814.0,8900,7100.0,25,True,1,1,1,45,0,9.0,L,1
22012,0.0,77.74,7686004.0,8,4.0,2,True,0,0,0,2,0,,U,0
4640,10.9,11.67,5087985.0,1200,750.0,9,True,5,0,6,89,1,4.0,U,0
6200,1.29,1.64,3287769.0,18700,12400.0,66,True,4,1,4,131,1,5.0,U,0
20018,0.0,15.6,6234857.0,26,29.0,0,False,0,0,0,0,0,19.0,U,0
6182,0.0,0.56,11235444.0,14400,7600.0,45,True,2,0,3,80,1,1.5,U,0
22011,0.0,48.15,12878304.0,4,2.0,1,True,0,0,0,1,0,,U,0
4384,19.63,25.36,5159254.0,4000,3700.0,25,True,5,0,3,90,1,12.5,U,0
5218,18.97,18.99,3287255.0,13800,8100.0,5,True,0,1,0,10,0,3.0,L,1
4621,4.86,6.03,5088197.0,1900,1600.0,4,True,0,1,0,9,0,10.0,U,0
7398,0.97,2.87,3288233.0,650,1000.0,1,True,0,0,0,1,0,32.5,U,0
4516,1.83,8.21,3286889.0,3300,2100.0,12,True,1,2,0,32,0,4.5,U,0
6191,0.62,1.68,3287764.0,27900,15800.0,119,True,3,1,8,194,1,2.5,U,0
6212,1.77,2.42,3287850.0,50200,29900.0,60,True,4,1,5,130,1,3.0,L,1
56301,0.0,2.37,11235438.0,10300,5900.0,87,True,4,3,10,192,1,2.5,U,0
7395,0.0,20.53,3288230.0,46,65.0,0,False,0,0,0,0,0,26.0,U,0
4504,0.0,0.89,3286857.0,6000,3900.0,8,True,1,1,2,33,0,5.0,U,0
4238,31.14,34.11,7577379.0,1200,1200.0,5,True,0,0,0,5,0,16.0,U,0
6204,0.85,1.45,12313356.0,14400,14600.0,62,True,5,1,3,132,1,15.5,U,0
6215,7.2,8.83,3287867.0,35300,21800.0,156,True,6,2,4,246,1,3.5,U,0
7263,54.62,58.38,11940232.0,320,210.0,1,True,0,0,1,6,0,4.5,U,0
4515,7.67,8.58,5156264.0,10800,6700.0,22,True,0,1,1,32,0,4.0,U,0
4390,17.22,20.74,4916806.0,5600,4800.0,6,True,0,0,0,6,0,10.5,U,0
6300,5.3,5.56,5156367.0,2600,1600.0,2,True,0,0,0,2,0,3.5,L,1
3849,6.18,20.75,3286503.0,120,150.0,0,False,0,0,0,0,0,21.0,U,0
7380,20.99,52.5,3288222.0,240,170.0,7,True,1,2,1,32,0,6.5,U,0
4500,54.66,63.78,6419825.0,18500,26200.0,10,True,1,0,0,20,0,27.0,L,1
6452,0.1,1.61,4446706.0,17700,9800.0,28,True,1,1,3,58,0,2.0,U,0
3500,295.01,296.73,13647522.0,39000,34200.0,78,True,4,2,2,138,1,11.5,L,1
4646,0.27,0.49,3289535.0,32200,20900.0,31,True,0,2,0,41,0,5.0,L,1
7398,0.0,0.97,3288231.0,1200,1850.0,4,True,1,0,0,14,0,31.0,L,1
4515,39.37,47.17,3286882.0,1200,1000.0,12,True,3,0,1,47,0,11.0,U,0
4390,20.93,21.48,3286696.0,9300,5500.0,14,True,0,0,0,14,0,3.0,U,0
6449,2.42,6.74,4692944.0,7000,4500.0,42,True,2,0,4,82,1,4.5,U,0
3680,0.0,0.95,3286478.0,3500,3600.0,2,True,0,0,0,2,0,15.5,U,0
4673,0.0,13.88,4322608.0,1800,1700.0,25,True,5,0,2,85,1,12.0,U,0
6449,0.0,0.02,12203756.0,7100,3900.0,5,True,0,0,0,5,0,1.5,U,0
3683,0.0,31.06,3286482.0,1000,1100.0,9,True,3,0,0,39,0,18.0,U,0
4652,1.05,1.92,3287003.0,2200,2300.0,4,True,0,0,0,4,0,17.0,U,0
4384,28.78,29.38,13133964.0,8100,4800.0,4,True,1,0,1,19,0,3.0,U,0
8486,1.27,3.29,3288388.0,2300,2300.0,2,True,0,0,1,7,0,15.0,U,0
6784,0.21,0.64,12389717.0,6600,5700.0,11,True,0,0,0,11,0,10.5,U,0
4009,70.48,82.74,5153073.0,1000,900.0,6,True,1,0,1,21,0,11.0,U,0
3500,163.83,180.28,3286440.0,3200,5200.0,17,True,2,0,1,42,0,34.5,U,0
4646,22.69,23.68,3289528.0,7200,6700.0,5,True,0,0,1,10,0,13.0,U,0
8400,347.38,348.24,13448783.0,6700,7600.0,3,True,0,0,0,3,0,19.5,U,0
4138,1.37,12.04,3286616.0,1900,1900.0,6,True,0,0,0,6,0,14.5,U,0
2600,269.71,294.9,3286270.0,1600,1700.0,4,True,0,0,0,4,0,16.5,U,0
4483,7.93,8.25,3286740.0,6500,6100.0,6,True,0,0,1,11,0,13.0,U,0
3160,45.02,45.2,3286315.0,750,760.0,0,False,0,0,0,0,0,16.0,L,1
4418,0.0,1.07,3286726.0,9400,5500.0,10,True,0,0,0,10,0,2.5,U,0
6155,0.0,0.55,11240825.0,20700,14200.0,37,True,1,2,5,82,1,5.5,L,1
5221,6.82,7.35,3287267.0,32500,18400.0,78,True,6,4,4,178,1,2.5,L,1
4413,0.0,0.45,3286725.0,1100,900.0,2,True,1,1,0,17,0,10.0,U,0
6143,3.27,3.54,3287718.0,37500,22100.0,73,True,3,1,9,153,1,3.0,L,1
5609,1.32,1.72,4435826.0,22500,12900.0,15,True,0,1,1,25,0,2.5,U,0
6149,1.83,2.26,4745281.0,6900,3700.0,34,True,1,0,12,104,1,1.5,U,0
5449,0.0,1.05,13107985.0,7700,8100.0,10,True,1,0,0,20,0,17.0,U,0
4766,3.83,7.35,4748316.0,4100,3000.0,27,True,6,3,1,107,1,7.5,U,0
3873,28.98,53.95,12458900.0,400,490.0,5,True,0,0,0,5,0,21.5,U,0
6155,1.67,1.88,11240831.0,21400,15700.0,62,True,0,0,5,87,1,7.0,L,1
5440,0.0,0.88,12312978.0,14100,12200.0,14,True,1,0,1,29,0,11.5,U,0
4882,65.41,87.56,6384983.0,430,400.0,5,True,1,0,0,15,0,13.0,U,0
43618,0.0,15.27,5467975.0,4900,4400.0,48,True,4,0,2,98,1,12.0,U,0
4489,13.39,13.89,3286788.0,14600,8900.0,20,True,0,1,3,40,0,3.5,L,1
6191,4.34,4.56,4428167.0,24400,13800.0,29,True,0,1,3,49,0,2.5,U,0
8000,111.31,141.02,3288302.0,2600,2900.0,10,True,4,1,0,55,0,19.0,U,0
5427,0.0,0.3,3287351.0,850,1600.0,1,True,0,0,0,1,0,42.5,U,0
4763,62.16,63.28,6411024.0,1200,1200.0,5,True,2,1,0,30,0,15.0,U,0
4489,13.89,14.57,3286789.0,8800,5700.0,13,True,1,0,1,28,0,5.0,U,0
2600,198.55,264.79,3286267.0,900,1000.0,9,True,1,0,0,19,0,19.0,U,0
4009,0.0,25.09,3286546.0,2700,3000.0,26,True,5,1,0,81,1,18.5,U,0
4760,1.08,2.53,13134363.0,27300,19800.0,39,True,2,2,2,79,1,7.0,L,1
8400,307.56,312.83,3288360.0,2800,2700.0,3,True,0,0,0,3,0,14.5,U,0
3160,23.48,45.02,3286313.0,600,650.0,1,True,0,0,0,1,0,16.5,U,0
4480,34.88,36.23,3286736.0,3500,2900.0,2,True,0,0,0,2,0,10.0,U,0
4004,16.54,16.99,3286539.0,850,700.0,0,False,0,0,0,0,0,10.0,U,0
4027,32.85,36.04,3286594.0,900,800.0,2,True,0,0,0,2,0,12.0,U,0
8486,0.43,0.9,3288387.0,4300,2400.0,3,True,1,0,0,13,0,2.0,U,0
3000,96.12,97.64,7210247.0,700,800.0,2,True,0,0,0,2,0,18.5,U,0
4411,0.0,0.34,3286722.0,2300,1900.0,6,True,0,0,0,6,0,10.5,U,0
4760,50.38,50.56,6236088.0,12900,7200.0,3,True,0,0,0,3,0,2.0,U,0
3335,20.72,21.28,3286369.0,170,200.0,0,False,0,0,0,0,0,20.0,U,0
1503,0.79,4.21,7304668.0,4200,3400.0,2,True,0,0,0,2,0,9.0,U,0
5409,5.09,5.94,3712726.0,16400,10100.0,59,True,2,2,1,94,1,4.0,L,1
3160,175.81,176.78,12188016.0,6100,6300.0,3,True,0,0,0,3,0,16.5,U,0
1100,182.76,229.24,12458903.0,260,340.0,0,False,0,0,0,0,0,23.0,U,0
6146,4.59,5.46,3287730.0,27400,15400.0,66,True,6,1,4,151,1,2.0,U,0
20015,0.0,9.6,12632312.0,45,38.0,0,False,0,0,0,0,0,11.0,U,0
43612,5.57,6.51,12896994.0,7200,5400.0,9,True,1,0,0,19,0,7.5,U,0
6191,3.37,4.34,3287765.0,28400,16500.0,83,True,0,2,6,123,1,2.5,U,0
20048,0.0,7.17,7391024.0,43,44.0,1,True,0,0,0,1,0,16.5,U,0
5616,1.1,1.26,11235451.0,14500,8600.0,6,True,0,0,0,6,0,3.0,U,0
4769,0.0,1.13,3287068.0,3000,2000.0,5,True,0,0,0,5,0,5.5,U,0
48870,72.35,81.16,6401297.0,850,800.0,5,True,0,0,0,5,0,14.0,U,0
6200,2.28,2.75,3287771.0,28300,18400.0,135,True,6,4,8,255,1,5.0,U,0
5603,2.83,3.33,4748770.0,36700,27300.0,71,True,0,2,3,96,1,7.5,L,1
5021,3.37,3.83,13165363.0,3900,3300.0,3,True,1,0,0,13,0,11.0,U,0
44821,2.24,5.35,3288513.0,3400,3200.0,18,True,1,0,0,28,0,13.0,U,0
4495,13.89,15.65,5156347.0,4000,2600.0,4,True,0,0,2,14,0,5.0,U,0
6170,0.63,0.79,11240732.0,24400,14600.0,29,True,0,0,6,59,0,3.5,U,0
6024,0.0,0.83,3287676.0,17900,10400.0,181,True,1,2,11,256,1,2.5,U,0
72000,9.99,11.45,6109205.0,8300,5300.0,14,True,0,1,0,19,0,4.5,U,0
5651,0.0,0.75,3287455.0,18700,11400.0,56,True,0,0,0,56,0,3.5,U,0
6000,22.12,23.44,4689928.0,4000,2600.0,14,True,1,0,3,39,0,4.5,U,0
4027,24.04,32.85,5152993.0,650,600.0,2,True,1,0,0,12,0,12.5,U,0
5300,19.71,20.2,12840958.0,45200,46200.0,6,True,0,0,0,6,0,15.5,L,1
6592,4.36,4.37,3287980.0,38700,22400.0,30,True,2,2,1,65,0,2.5,L,1
5674,0.0,0.5,7189341.0,5600,7600.0,9,True,0,0,0,9,0,25.0,U,0
4480,1.18,6.36,3286731.0,1600,1400.0,4,True,0,0,0,4,0,12.0,U,0
4763,53.34,57.32,6411023.0,1800,1700.0,9,True,1,0,1,24,0,14.0,U,0
4363,10.47,18.79,3286661.0,220,250.0,3,True,1,0,0,13,0,19.0,U,0
5300,7.71,10.17,11264353.0,27300,30300.0,17,True,1,0,1,32,0,18.5,L,1
6586,5.72,6.55,3287970.0,28000,16900.0,97,True,7,3,12,242,1,3.5,L,1
4640,8.06,10.05,4327475.0,2800,2000.0,18,True,1,1,3,48,0,6.0,U,0
4880,36.13,38.85,6401195.0,2800,2800.0,5,True,0,0,0,5,0,15.5,U,0
17057,0.0,59.12,12458885.0,12,11.0,2,True,0,0,0,2,0,8.5,U,0
4606,2.23,2.79,4695802.0,4900,2800.0,2,True,0,0,0,2,0,2.0,U,0
4883,28.06,37.26,6401302.0,1000,1100.0,11,True,2,1,1,41,0,17.0,U,0
20024,0.1,20.11,6234845.0,220,220.0,2,True,0,0,0,2,0,15.5,U,0
22021,0.0,0.55,7241464.0,1300,1500.0,8,True,0,0,0,8,0,19.0,U,0
5842,1.52,2.36,3287560.0,9800,5700.0,41,True,1,0,1,56,0,2.5,L,1
8329,33.31,33.84,3288336.0,1100,1200.0,0,False,0,0,0,0,0,16.5,U,0
5624,2.11,2.34,3287406.0,48100,29300.0,96,True,4,0,3,151,1,3.5,L,1
5048,0.87,2.71,3287153.0,16400,10500.0,133,True,5,3,12,258,1,4.5,U,0
56441,0.0,0.4,12886503.0,3100,8600.0,6,True,0,0,0,6,0,67.5,U,0
3500,8.23,8.98,3286427.0,4800,6700.0,6,True,1,1,1,26,0,27.0,L,1
6604,0.97,2.32,3287998.0,32300,20900.0,99,True,4,2,5,174,1,4.5,L,1
6021,10.45,11.68,4689908.0,900,600.0,6,True,1,0,1,21,0,5.0,U,0
8000,204.78,207.17,12987500.0,5100,6100.0,1,True,1,0,0,11,0,21.5,U,0
5633,0.0,0.61,3287410.0,22800,17300.0,47,True,2,2,1,82,1,8.0,L,1
5206,2.05,3.22,3287204.0,15600,9700.0,19,True,0,0,2,29,0,4.0,L,1
62039,0.93,1.06,13149526.0,15100,10500.0,49,True,1,0,2,69,0,6.0,U,0
3489,0.0,11.79,3286396.0,850,850.0,2,True,1,0,0,12,0,14.0,U,0
6601,0.0,0.92,3287987.0,25200,16300.0,154,True,7,3,11,294,1,5.0,L,1
4763,10.46,11.08,3287054.0,17700,12000.0,9,True,2,0,1,34,0,5.5,L,1
8000,208.04,208.23,12987501.0,5600,6900.0,2,True,0,0,0,2,0,22.5,L,1
62032,1.04,1.51,12878044.0,5900,3600.0,39,True,1,1,4,74,1,4.0,U,0
3486,0.43,1.04,6410465.0,7400,4700.0,6,True,1,0,3,31,0,4.5,U,0
6000,6.41,17.6,3287615.0,600,400.0,100,True,19,4,24,430,1,5.0,U,0
2200,63.52,96.69,3286199.0,470,550.0,4,True,1,0,0,14,0,21.5,U,0
3400,313.1,322.54,3286379.0,1400,2000.0,4,True,1,0,0,14,0,28.0,U,0
8664,0.0,1.66,3288426.0,1400,1400.0,0,False,0,0,0,0,0,15.5,U,0
6015,2.73,3.42,3287650.0,20500,11600.0,70,True,1,3,5,120,1,2.5,U,0
3160,50.33,59.8,6235803.0,460,470.0,3,True,1,0,1,18,0,15.0,U,0
63005,0.64,3.0,4473584.0,390,290.0,9,True,2,0,3,44,0,7.5,L,1
8832,1.23,1.78,5154632.0,4900,2700.0,9,True,0,0,0,9,0,1.5,U,0
7000,48.69,51.5,3288086.0,1900,1900.0,2,True,1,0,1,17,0,15.5,U,0
2600,314.53,315.34,3286273.0,10500,7000.0,3,True,0,1,0,8,0,5.0,U,0
63030,0.0,0.32,3288533.0,800,650.0,1,True,0,0,0,1,0,9.5,U,0
8832,22.74,28.12,3288458.0,1900,1800.0,3,True,0,1,0,8,0,13.5,U,0
7018,10.78,15.72,3288101.0,5000,5600.0,13,True,4,0,0,53,0,19.0,U,0
3000,0.0,16.13,7210244.0,170,240.0,0,False,0,0,0,0,0,26.0,U,0
5654,2.76,3.91,3287464.0,22500,15100.0,54,True,1,0,4,84,1,5.5,U,0
8823,18.41,34.85,3288436.0,1600,1700.0,9,True,2,0,1,34,0,16.5,U,0
60009,0.0,0.35,4693698.0,7300,5700.0,12,True,0,0,2,22,0,9.0,U,0
7200,164.97,199.84,3288191.0,4000,6100.0,28,True,4,0,1,73,1,30.0,U,0
4760,4.47,4.92,3287037.0,16600,12100.0,3,True,0,1,0,8,0,7.0,L,1
5063,9.55,10.12,4714908.0,7300,4600.0,9,True,0,0,1,14,0,4.5,U,0
2806,1.86,2.54,3286289.0,2600,3000.0,1,True,0,0,0,1,0,19.0,L,1
5800,2.36,2.91,4398750.0,10600,11700.0,3,True,0,0,0,3,0,18.0,L,1
7200,3.07,3.5,3717313.0,42000,28300.0,82,True,2,2,1,117,1,5.5,L,1
4760,12.3,16.9,3287038.0,13400,11400.0,40,True,1,2,2,70,0,10.5,U,0
5300,20.2,21.17,13108083.0,43200,43900.0,2,True,0,0,0,2,0,15.5,L,1
5800,7.28,8.31,7070306.0,34600,29200.0,41,True,0,2,1,56,0,10.5,L,1
4483,22.76,27.73,7908164.0,3100,1800.0,25,True,4,0,0,65,0,3.0,U,0
7200,32.57,33.78,11265698.0,34100,33900.0,17,True,0,0,0,17,0,14.5,L,1
4381,26.81,27.41,3286676.0,7200,6200.0,8,True,0,0,1,13,0,11.0,U,0
5300,10.17,10.97,11264356.0,33200,35700.0,7,True,0,0,0,7,0,17.0,L,1
5800,2.91,3.13,7069208.0,14000,14100.0,16,True,0,0,0,16,0,15.0,L,1
4609,1.19,1.61,3286939.0,11500,7100.0,17,True,0,0,2,27,0,3.5,U,0
7200,213.29,218.7,6095248.0,3500,5300.0,10,True,0,0,0,10,0,31.5,U,0
4881,0.0,23.51,6379042.0,95,80.0,2,True,0,0,0,2,0,9.5,U,0
4489,20.16,26.42,3286793.0,4700,2900.0,73,True,6,3,13,213,1,4.0,U,0
6203,0.0,0.47,13037043.0,66200,62600.0,23,True,1,1,0,38,0,13.5,L,1
5827,2.73,3.16,4748217.0,9600,5800.0,22,True,1,0,3,47,0,3.0,U,0
7623,4.68,4.74,13133664.0,15800,8900.0,14,True,0,0,0,14,0,2.5,U,0
5633,1.78,2.1,12902326.0,27000,18000.0,33,True,3,2,6,103,1,5.0,L,1
5048,0.0,0.87,3287152.0,33600,21400.0,38,True,2,3,3,88,1,4.5,U,0
5006,6.12,6.68,13444523.0,13100,9000.0,16,True,2,2,1,51,0,5.5,U,0
43612,2.42,4.98,3288493.0,6500,5600.0,20,True,1,1,1,40,0,11.0,U,0
6604,11.36,12.25,3288012.0,29700,19700.0,24,True,2,2,0,54,0,5.0,L,1
5833,1.92,3.1,3287538.0,21600,14300.0,72,True,1,0,4,102,1,5.5,L,1
7700,133.45,140.15,5153741.0,1200,1900.0,3,True,0,0,0,3,0,31.5,U,0
5630,3.04,3.22,11241583.0,28500,17100.0,41,True,2,0,12,121,1,3.0,L,1
5063,2.31,2.99,11615525.0,14700,10100.0,60,True,0,3,2,85,1,6.0,U,0
5409,1.45,1.77,7332327.0,26600,21800.0,84,True,1,2,1,109,1,10.0,L,1
3486,37.86,43.71,3286395.0,1800,1900.0,4,True,2,1,1,34,0,16.5,U,0
6604,18.14,19.7,3288022.0,23700,14500.0,44,True,1,1,4,79,1,3.5,L,1
5851,1.34,2.17,3287579.0,22300,13100.0,55,True,1,1,4,90,1,3.0,L,1
8000,207.17,208.04,12986191.0,5600,6900.0,2,True,0,0,0,2,0,21.5,U,0
5036,1.62,2.44,12870439.0,11300,6800.0,23,True,1,0,2,43,0,3.5,L,1
3483,1.59,1.89,3286390.0,4100,3000.0,1,True,0,0,0,1,0,7.0,U,0
6735,2.88,3.18,4695716.0,34500,19800.0,48,True,0,2,2,68,0,2.5,U,0
8166,25.63,40.58,3288330.0,110,150.0,8,True,1,0,0,18,0,26.5,U,0
6580,1.15,2.08,3287946.0,15400,9300.0,42,True,1,0,3,67,0,3.5,L,1
3498,0.0,0.58,3286412.0,800,950.0,0,False,0,0,0,0,0,20.0,U,0
6592,6.86,8.09,3287985.0,15200,8700.0,93,True,3,4,7,178,1,2.5,U,0
6021,8.9,9.61,4689906.0,1300,850.0,6,True,1,0,2,26,0,4.0,U,0
2400,152.34,177.07,3286221.0,700,800.0,4,True,0,0,0,4,0,18.5,U,0
8344,0.36,1.72,7686267.0,2200,2400.0,11,True,0,0,1,16,0,17.5,U,0
62040,0.0,0.68,12878038.0,5900,4000.0,28,True,2,0,3,63,0,5.5,U,0
3483,1.04,1.41,3286388.0,8400,5600.0,7,True,1,0,1,22,0,5.5,L,1
6601,6.26,7.73,3287995.0,40400,24900.0,123,True,7,3,10,258,1,3.5,L,1
2409,74.0,74.12,12029230.0,1100,1050.0,2,True,0,0,0,2,0,14.0,L,1
3500,8.98,23.26,13640723.0,4800,6700.0,11,True,3,0,1,46,0,27.0,U,0
5836,0.9,1.14,3287556.0,20200,11500.0,10,True,0,1,1,20,0,2.5,L,1
2400,54.28,54.91,13133966.0,420,700.0,0,False,0,0,0,0,0,35.5,U,0
8652,0.0,0.63,7301364.0,850,1000.0,0,False,0,0,0,0,0,19.0,U,0
7015,6.55,30.66,3288095.0,1000,1100.0,4,True,1,0,1,19,0,19.0,U,0
2415,13.19,13.38,5155642.0,5600,5300.0,10,True,0,0,0,10,0,13.5,U,0
8832,0.6,0.85,3288453.0,10900,5900.0,15,True,3,0,3,60,0,1.5,U,0
6866,5.77,5.99,7301446.0,11600,6700.0,12,True,0,2,0,22,0,2.5,U,0
6024,2.54,3.29,3287678.0,14900,8800.0,44,True,1,1,2,69,0,3.0,U,0
5066,4.26,4.39,4759282.0,16900,9600.0,18,True,1,0,1,33,0,2.0,U,0
2600,98.19,155.35,3286263.0,850,900.0,13,True,1,0,0,23,0,15.5,U,0
5803,1.01,1.7,3287483.0,6000,3200.0,6,True,1,0,4,36,0,1.5,U,0
8832,4.41,15.67,3288456.0,3100,3100.0,6,True,0,0,0,6,0,15.0,U,0
7015,36.38,37.99,3288098.0,5700,7300.0,5,True,0,0,0,5,0,23.5,L,1
6033,7.2,7.55,4693718.0,38500,28800.0,75,True,0,1,6,110,1,8.0,L,1
5063,6.81,6.9,5101342.0,15800,9400.0,25,True,0,0,3,40,0,3.0,L,1
5654,1.37,2.08,3287462.0,21500,15600.0,57,True,2,5,2,112,1,7.0,L,1
6860,0.22,0.57,4874008.0,17200,9800.0,9,True,0,0,0,9,0,2.5,L,1
4123,0.9,21.26,3286599.0,450,400.0,2,True,0,0,0,2,0,11.0,U,0
5206,0.86,1.04,3287201.0,17000,10700.0,4,True,0,0,0,4,0,4.0,U,0
6583,0.0,0.91,3287961.0,18400,11100.0,62,True,0,1,3,82,1,3.5,L,1
4515,20.75,25.53,5156346.0,1500,1300.0,20,True,4,0,7,95,1,10.5,U,0
4384,33.26,33.6,5159278.0,15700,9400.0,7,True,0,0,0,7,0,3.0,U,0
5648,0.18,0.43,4398809.0,20400,11700.0,25,True,1,1,2,50,0,2.5,L,1
3500,292.34,292.99,13647670.0,25900,23500.0,40,True,1,2,1,65,0,12.0,L,1
4664,0.0,4.96,3287016.0,3000,2500.0,14,True,1,0,0,24,0,9.5,U,0
4531,0.0,0.63,3286898.0,5300,4000.0,19,True,0,0,0,19,0,7.5,U,0
6458,0.42,0.82,13425603.0,26500,15600.0,22,True,0,1,2,37,0,3.0,U,0
5421,0.0,0.19,3287344.0,2300,3900.0,5,True,0,0,0,5,0,35.0,U,0
4643,27.46,37.34,3286979.0,600,550.0,19,True,2,0,3,54,0,11.5,U,0
7149,3.9,15.57,3288115.0,500,600.0,3,True,0,0,0,3,0,19.0,U,0
4384,7.42,11.79,3286680.0,3600,3000.0,9,True,1,0,2,29,0,10.5,U,0
5221,8.13,8.88,4691834.0,36100,20400.0,45,True,1,0,4,75,1,2.0,L,1
5824,2.86,3.89,3713206.0,16400,10600.0,33,True,0,0,0,33,0,4.5,L,1
7200,122.71,125.01,6420042.0,4000,6000.0,7,True,0,0,0,7,0,30.0,U,0
4240,66.01,67.84,7581850.0,2200,2200.0,5,True,0,0,0,5,0,16.0,U,0
5218,18.36,18.97,3287253.0,15700,9300.0,23,True,1,3,1,53,0,3.0,L,1
7200,33.78,34.35,4917604.0,26000,28000.0,5,True,1,0,0,15,0,17.5,L,1
4238,28.49,31.14,7574441.0,1400,1400.0,2,True,0,0,0,2,0,15.5,U,0
6443,1.27,2.55,4450827.0,17100,9100.0,22,True,1,0,2,42,0,1.5,U,0
4621,14.1,15.95,5088200.0,1500,1200.0,4,True,0,0,1,9,0,10.0,U,0
7200,31.4,31.99,3288172.0,14900,12200.0,4,True,0,1,0,9,0,9.5,L,1
4766,0.0,0.33,12053254.0,6300,4000.0,2,True,1,0,0,12,0,4.5,U,0
4015,45.77,45.89,5155894.0,1600,1600.0,1,True,0,0,0,1,0,15.0,U,0
22003,93.36,240.29,7685464.0,12,13.0,2,True,1,0,0,12,0,16.5,U,0
4384,0.55,1.39,4917974.0,8300,5500.0,15,True,0,0,1,20,0,5.0,U,0
6215,3.92,4.67,3856868.0,30800,19100.0,68,True,1,1,6,113,1,4.0,L,1
4600,4.87,5.87,6080104.0,11500,6600.0,6,True,1,0,1,21,0,2.5,U,0
17042,60.45,106.92,3288465.0,260,290.0,5,True,1,0,1,20,0,18.0,U,0
4243,24.18,24.62,3286643.0,1300,1400.0,4,True,0,0,0,4,0,17.5,U,0
3689,0.0,5.86,3286492.0,340,450.0,0,False,0,0,0,0,0,25.0,U,0
4600,3.84,4.51,4696359.0,12300,7400.0,13,True,0,1,4,38,0,3.5,U,0
5821,0.47,0.9,4397560.0,5400,3100.0,15,True,0,1,1,25,0,2.5,L,1
4609,0.0,1.19,3286938.0,11400,6900.0,36,True,0,1,2,51,0,3.5,U,0
18000,0.0,185.99,5205558.0,8,6.0,1,True,0,0,0,1,0,0.0,U,0
4606,1.69,2.23,6080106.0,8500,4600.0,4,True,0,1,0,9,0,1.5,U,0
6185,7.11,7.93,3287761.0,13900,8500.0,55,True,1,0,4,85,1,3.5,U,0
35003,0.0,0.66,13403664.0,140,210.0,1,True,0,0,0,1,0,30.0,U,0
53308,0.0,0.66,13001648.0,7200,6800.0,12,True,0,0,1,17,0,13.0,U,0
4646,0.0,0.27,3289524.0,23800,15400.0,27,True,0,1,1,37,0,4.5,L,1
6203,16.7,17.09,3287800.0,49800,38600.0,95,True,5,2,7,190,1,8.5,L,1
38407,0.0,10.19,3288483.0,650,650.0,3,True,1,0,0,13,0,15.5,U,0
54009,1.59,1.97,8504829.0,3100,6400.0,4,True,0,0,0,4,0,45.0,U,0
6203,15.65,16.54,3287798.0,50600,40600.0,139,True,5,1,6,224,1,9.0,L,1
7263,58.38,145.14,11940233.0,270,410.0,9,True,3,0,1,44,0,29.5,U,0
4513,3.9,8.66,5153906.0,5000,4800.0,8,True,2,0,1,33,0,14.0,U,0
6203,21.47,21.63,13115362.0,17400,10600.0,20,True,0,1,3,40,0,3.5,L,1
5644,1.05,1.39,7189048.0,13500,15700.0,22,True,0,0,0,22,0,20.0,U,0
7384,0.0,28.67,3288224.0,430,650.0,3,True,0,0,0,3,0,30.0,U,0
4515,25.53,39.37,3286881.0,1100,950.0,7,True,1,0,0,17,0,12.0,U,0
4396,0.81,1.93,3286704.0,9800,5800.0,26,True,0,1,1,36,0,3.0,U,0
6203,18.17,18.95,3287802.0,46800,36400.0,151,True,1,1,6,196,1,8.5,L,1
6449,1.62,2.01,4695712.0,4900,2700.0,3,True,0,0,0,3,0,2.0,U,0
4500,29.76,45.97,6420002.0,17000,19200.0,25,True,2,0,0,45,0,19.0,L,1
3500,161.7,163.83,6410686.0,3500,5400.0,4,True,1,0,1,19,0,31.5,U,0
4655,0.0,0.97,3287011.0,3600,2700.0,7,True,2,0,0,27,0,8.0,U,0
6155,1.11,1.67,11240829.0,22500,14900.0,125,True,6,2,17,280,1,5.0,L,1
4556,0.0,0.57,12623778.0,1800,1800.0,1,True,0,0,0,1,0,15.0,U,0
6460,0.18,0.87,13115546.0,18400,13000.0,20,True,1,0,2,40,0,6.5,U,0
6461,0.61,1.37,3287915.0,28100,17300.0,58,True,1,1,4,93,1,3.5,U,0
3680,46.35,47.09,3286481.0,440,430.0,1,True,0,0,0,1,0,13.5,U,0
4564,0.0,0.57,3286915.0,650,700.0,0,False,0,0,0,0,0,17.0,U,0
5648,0.43,0.79,4747925.0,24600,15200.0,28,True,1,0,3,53,0,4.0,L,1
7100,160.81,173.45,3288112.0,650,850.0,9,True,2,0,0,29,0,23.0,U,0
4009,44.56,59.3,3286549.0,1900,1600.0,13,True,1,0,1,28,0,11.0,U,0
5425,0.0,0.25,7189332.0,3100,5000.0,9,True,1,0,0,19,0,32.5,U,0
6866,4.62,4.86,7301443.0,16000,9000.0,19,True,2,4,1,64,0,2.0,L,1
3873,26.57,28.98,6379332.0,600,750.0,2,True,0,0,0,2,0,21.5,U,0
4120,0.0,0.64,3286595.0,800,600.0,1,True,0,0,0,1,0,8.0,U,0
8400,331.12,339.33,3288364.0,3900,4100.0,8,True,1,1,0,23,0,16.5,U,0
3843,0.0,23.19,3286498.0,1100,1200.0,12,True,2,0,0,32,0,18.0,U,0
4640,60.13,65.06,4327478.0,3900,3600.0,9,True,2,0,1,34,0,12.5,U,0
6185,5.48,6.29,3287757.0,30000,17700.0,78,True,1,2,7,133,1,3.0,L,1
43612,0.0,2.26,3288491.0,2400,2100.0,4,True,0,0,0,4,0,11.0,U,0
56024,0.75,1.46,12861765.0,7800,10500.0,5,True,0,0,0,5,0,25.5,U,0
4682,25.08,31.17,12459322.0,900,900.0,3,True,1,0,2,23,0,15.5,U,0
6203,36.29,37.45,3287834.0,16800,10100.0,52,True,1,6,2,102,1,3.5,L,1
41270,0.0,9.65,7529759.0,850,850.0,3,True,0,0,0,3,0,15.5,U,0
53305,0.0,0.72,13001645.0,4000,5000.0,3,True,0,0,0,3,0,22.5,U,0
6203,14.06,14.99,3287793.0,52600,42000.0,74,True,5,0,4,144,1,9.0,L,1
6203,19.64,19.67,13112506.0,13700,10000.0,5,True,0,0,0,5,0,7.0,L,1
7200,228.16,239.99,6109162.0,10600,12800.0,30,True,4,2,0,80,1,21.0,U,0
4515,19.13,19.22,5156344.0,8800,5500.0,3,True,0,0,0,3,0,4.0,U,0
6203,4.09,5.48,4748013.0,68500,66000.0,105,True,2,0,4,145,1,14.0,L,1
6461,4.58,6.15,3893388.0,33100,19800.0,123,True,4,3,5,203,1,3.5,L,1
4524,0.0,0.13,3286896.0,4250,3240.0,6,True,0,1,2,21,0,8.0,L,1
5645,2.43,2.74,3714226.0,22000,15300.0,60,True,2,1,6,115,1,6.0,L,1
3500,283.36,285.95,4774271.0,14200,14900.0,44,True,4,1,0,89,1,16.5,L,1
4589,0.0,0.73,4692914.0,210,170.0,5,True,2,0,1,30,0,9.0,U,0
5645,0.0,1.32,3287428.0,17800,15000.0,99,True,3,5,6,184,1,10.5,L,1
7018,19.1,20.6,3288103.0,7900,5000.0,12,True,0,1,1,22,0,4.0,L,1
6039,0.29,3.54,4753616.0,3100,2000.0,35,True,3,1,5,95,1,5.0,U,0
3855,43.25,44.02,5155418.0,3500,3500.0,2,True,0,1,1,12,0,15.5,U,0
6150,0.0,0.68,3287736.0,21400,11700.0,36,True,3,0,11,121,1,1.5,L,1
4565,0.0,0.25,5155185.0,850,950.0,0,False,0,0,0,0,0,19.0,U,0
6446,3.99,4.03,13469283.0,14800,8000.0,8,True,1,0,1,23,0,1.5,U,0
5424,5.31,5.71,12591687.0,28800,27600.0,14,True,1,0,1,29,0,14.0,L,1
6860,0.0,0.22,4874006.0,15000,8500.0,4,True,1,0,0,14,0,2.0,L,1
3873,1.88,25.08,3286524.0,1400,1200.0,15,True,5,0,2,75,1,11.5,U,0
64001,0.29,0.35,13441010.0,11900,7700.0,36,True,0,3,4,71,0,5.0,L,1
4120,8.54,21.98,3286597.0,390,290.0,2,True,0,0,0,2,0,7.5,U,0
4584,0.0,0.47,3286920.0,850,800.0,1,True,0,0,0,1,0,12.0,U,0
8400,293.44,300.43,3288354.0,1300,1600.0,2,True,0,0,0,2,0,21.5,U,0
4003,34.0,36.79,3286532.0,1100,900.0,1,True,0,0,0,1,0,8.5,U,0
4688,8.18,13.67,3287032.0,9200,7400.0,25,True,1,1,1,45,0,9.0,U,0
8487,0.0,31.69,3288391.0,240,310.0,3,True,0,0,0,3,0,23.0,U,0
2603,0.0,0.35,3286279.0,1300,1400.0,3,True,0,0,0,3,0,16.5,L,1
6601,11.04,11.12,12872184.0,31900,19500.0,15,True,0,0,0,15,0,3.5,L,1
5833,4.93,5.65,3287545.0,37700,25000.0,71,True,0,0,5,96,1,5.0,L,1
2400,54.91,55.01,3286216.0,330,390.0,0,False,0,0,0,0,0,19.5,U,0
8163,66.86,76.93,3288328.0,360,390.0,1,True,1,0,1,16,0,18.0,U,0
6580,2.08,3.68,3287949.0,20900,12500.0,83,True,2,1,5,133,1,3.5,L,1
3492,35.7,36.28,3286403.0,1000,1350.0,0,False,0,0,0,0,0,25.0,L,1
6601,2.06,2.74,3287990.0,36200,24200.0,67,True,4,1,1,117,1,5.0,L,1
3497,0.0,2.9,3286409.0,1500,1700.0,7,True,2,0,0,27,0,18.5,U,0
6018,1.64,3.28,3287655.0,23300,13700.0,140,True,7,4,19,325,1,3.0,U,0
2409,0.0,52.3,3286223.0,130,150.0,0,False,0,0,0,0,0,20.0,U,0
8347,1.92,3.41,3288343.0,4300,3400.0,2,True,0,0,0,2,0,9.5,U,0
62031,0.46,1.09,12878144.0,6500,4700.0,49,True,0,1,0,54,0,7.0,U,0
3500,3.63,4.17,3286423.0,11000,13100.0,0,False,0,0,0,0,0,21.0,U,0
6167,0.32,0.48,11240725.0,5700,3200.0,24,True,1,0,9,79,1,2.0,U,0
2803,47.89,51.88,3286287.0,650,750.0,2,True,0,0,0,2,0,20.0,U,0
4015,6.35,45.77,3286561.0,700,800.0,7,True,0,0,0,7,0,18.5,U,0
4127,34.4,35.48,3286613.0,1100,1000.0,2,True,1,0,0,12,0,12.0,U,0
8400,318.39,323.44,3288362.0,3000,3300.0,8,True,0,0,0,8,0,18.5,U,0
5612,1.45,1.91,5156953.0,28800,17900.0,90,True,1,0,4,120,1,4.0,L,1
4763,25.46,40.18,3287056.0,4600,4500.0,74,True,11,1,8,229,1,14.0,U,0
3160,265.95,266.17,12188027.0,12500,8400.0,31,True,1,0,0,41,0,5.0,L,1
3861,19.65,28.4,3286511.0,750,850.0,4,True,0,0,0,4,0,20.0,U,0
7506,23.98,34.77,6075483.0,360,440.0,3,True,1,0,0,13,0,22.0,U,0
5409,4.47,5.09,3712707.0,21600,13000.0,53,True,2,1,1,83,1,3.5,L,1
8400,361.63,369.54,3288381.0,1600,2600.0,0,False,0,0,0,0,0,34.5,U,0
5609,0.0,0.4,3287370.0,8000,5100.0,44,True,1,0,2,64,0,4.5,U,0
3160,160.56,163.65,12188033.0,550,650.0,3,True,0,0,1,8,0,18.0,U,0
4404,0.18,0.35,3286715.0,5900,5000.0,0,False,0,0,0,0,0,11.0,U,0
4500,2.85,6.81,3286834.0,52900,48100.0,84,True,4,0,2,134,1,12.5,L,1
20012,21.61,24.62,12878055.0,16,12.0,0,False,0,0,0,0,0,6.5,U,0
7620,19.17,25.4,13646900.0,3500,4400.0,15,True,6,1,1,85,1,23.0,U,0
5403,4.67,5.86,3287299.0,28400,18100.0,134,True,4,5,5,224,1,4.5,L,1
3163,49.4,50.01,3286340.0,2200,2500.0,1,True,0,0,0,1,0,19.0,L,1
20011,0.0,9.77,12878056.0,2,1.0,0,False,0,0,0,0,0,,U,0
6608,1.08,1.56,3288037.0,16100,8800.0,53,True,1,0,2,73,1,1.5,L,1
5851,1.2,1.34,4747814.0,16600,9500.0,21,True,1,1,4,56,0,2.5,L,1
72000,11.68,11.98,6090660.0,7000,4900.0,5,True,0,0,0,5,0,6.0,L,1
5406,11.69,12.01,13001173.0,30500,28100.0,9,True,0,0,0,9,0,13.0,L,1
3329,75.13,79.24,3286359.0,950,1200.0,0,False,0,0,0,0,0,21.0,U,0
6726,0.0,0.18,3288059.0,21500,12600.0,37,True,2,2,1,72,1,3.0,L,1
44825,0.0,0.48,3288516.0,2900,1600.0,3,True,1,0,0,13,0,2.5,U,0
5408,0.0,0.66,6382684.0,5800,5100.0,39,True,1,0,1,54,0,11.0,U,0
3160,254.48,261.89,12188023.0,4100,4300.0,14,True,1,3,0,39,0,16.0,U,0
6176,0.16,0.3,11240194.0,38800,25200.0,55,True,1,1,6,100,1,5.0,L,1
48872,20.16,24.74,6401300.0,230,280.0,0,False,0,0,0,0,0,21.5,U,0
6182,1.67,1.73,11240740.0,21000,12600.0,42,True,0,0,3,57,0,3.5,U,0
5644,0.0,0.88,7189337.0,15000,18200.0,42,True,2,0,2,72,1,21.5,L,1
5039,0.0,0.88,3287144.0,6600,4300.0,22,True,0,0,0,22,0,4.5,U,0
2418,0.65,1.64,3286241.0,3700,2300.0,10,True,2,0,1,35,0,3.5,U,0
53302,0.0,1.01,13107716.0,7300,8300.0,5,True,0,0,0,5,0,19.0,U,0
5630,2.22,2.65,11241573.0,32000,18200.0,35,True,2,0,5,80,1,2.5,L,1
5018,4.52,4.72,3287123.0,13300,8700.0,34,True,1,1,2,59,0,5.0,U,0
48871,0.95,5.23,6401298.0,350,650.0,1,True,0,0,0,1,0,37.0,U,0
14024,145.12,187.67,6234787.0,20,20.0,1,True,0,0,0,1,0,15.0,U,0
5630,4.07,4.25,13149026.0,14300,8400.0,21,True,1,0,2,41,0,3.0,L,1
5006,12.01,13.62,11265623.0,17400,19400.0,70,True,1,1,4,105,1,18.5,U,0
10070,0.0,103.04,12113617.0,12,9.0,0,False,0,0,0,0,0,8.5,U,0
5833,0.0,0.34,3287535.0,13100,8900.0,46,True,3,0,2,86,1,5.5,L,1
8163,1.3,13.69,3288326.0,260,240.0,0,False,0,0,0,0,0,12.5,U,0
5627,2.97,3.79,7392201.0,14400,9000.0,35,True,0,0,6,65,0,4.0,L,1
5036,7.65,11.41,3287137.0,5800,3300.0,28,True,2,2,3,73,1,2.5,U,0
6464,2.46,3.34,4745701.0,31700,18400.0,59,True,1,2,5,104,1,2.5,L,1
6601,4.87,6.26,3287992.0,41000,25300.0,197,True,8,2,15,362,1,4.0,L,1
6021,0.47,0.95,3287658.0,7200,4100.0,19,True,0,0,6,49,0,2.5,U,0
8332,36.71,71.22,3288339.0,900,1100.0,11,True,1,0,0,21,0,21.0,U,0
6021,28.48,29.31,5088409.0,2200,1700.0,5,True,0,0,1,10,0,8.0,U,0
5202,5.28,6.58,3287196.0,26800,15100.0,41,True,0,2,3,66,0,2.0,L,1
6580,3.68,4.58,3287950.0,25700,15200.0,25,True,0,0,0,25,0,3.0,L,1
3500,91.08,96.7,3286432.0,4900,6800.0,12,True,3,0,0,42,0,26.5,U,0
6601,2.74,3.93,3901906.0,35700,24000.0,80,True,0,4,1,105,1,5.5,L,1
6021,24.08,24.64,12841365.0,2500,1700.0,3,True,0,0,1,8,0,5.5,U,0
8000,193.6,196.23,12993652.0,4500,5200.0,3,True,0,0,0,3,0,19.0,L,1
5212,0.6,1.77,3287212.0,18100,9900.0,71,True,1,2,2,101,1,1.5,U,0
62037,0.0,0.54,12878047.0,7300,5300.0,35,True,0,1,1,45,0,7.0,U,0
3486,2.51,4.73,6402002.0,3100,3200.0,4,True,1,0,0,14,0,16.0,U,0
6018,0.81,1.64,3287654.0,25800,15400.0,94,True,4,2,8,184,1,3.0,U,0
8160,5.63,55.77,3288324.0,550,650.0,17,True,4,1,0,62,0,20.0,U,0
62032,0.0,0.12,12878051.0,22900,17000.0,39,True,0,0,0,39,0,7.5,U,0
3486,43.71,54.78,7843963.0,2000,2000.0,5,True,1,0,0,15,0,15.5,U,0
4489,6.71,7.93,4748830.0,48300,27500.0,153,True,4,3,5,233,1,2.5,L,1
4009,104.9,115.93,3286553.0,550,500.0,4,True,0,0,0,4,0,12.0,U,0
4688,13.67,14.93,3287033.0,7400,6000.0,17,True,0,1,3,37,0,9.5,U,0
8400,354.57,354.92,13426523.0,6400,4900.0,6,True,0,1,0,11,0,8.5,L,1
2800,82.04,93.73,3713414.0,160,220.0,0,False,0,0,0,0,0,25.5,U,0
4405,1.73,1.81,13405364.0,18800,10800.0,1,True,1,0,0,11,0,2.5,L,1
4015,0.91,6.35,3286560.0,650,550.0,2,True,0,0,0,2,0,11.0,U,0
4127,31.28,34.4,3286612.0,950,850.0,1,True,0,0,0,1,0,11.5,U,0
8486,32.44,42.62,5152656.0,460,470.0,2,True,0,0,0,2,0,16.5,U,0
3326,0.54,45.19,3286353.0,410,380.0,3,True,0,0,1,8,0,13.5,U,0
4405,0.3,1.73,3286718.0,18800,10800.0,55,True,0,0,3,70,0,2.5,U,0
5300,24.47,27.02,13036374.0,71800,77200.0,50,True,2,1,1,80,1,17.0,L,1
3160,100.43,102.25,3286324.0,1400,1100.0,0,False,0,0,0,0,0,9.5,U,0
4489,3.54,3.69,3286765.0,51600,29200.0,53,True,3,2,5,118,1,2.0,L,1
72000,14.71,16.78,7028764.0,6600,6300.0,14,True,0,0,1,19,0,13.5,U,0
43612,6.63,6.77,12896992.0,9000,6100.0,8,True,0,0,0,8,0,5.5,U,0
6143,3.54,4.03,3287720.0,33700,20400.0,42,True,0,1,5,72,1,3.5,L,1
16009,0.0,29.37,12458884.0,55,47.0,1,True,1,0,1,16,0,11.0,U,0
53224,0.0,0.55,11267177.0,1300,1100.0,7,True,1,0,1,22,0,11.5,U,0
6200,1.64,2.28,3287770.0,18400,12500.0,115,True,8,1,4,220,1,5.5,U,0
5610,3.22,5.07,4747900.0,42000,26400.0,172,True,5,4,17,327,1,4.0,L,1
5018,0.0,2.42,3287122.0,19700,14400.0,101,True,4,6,5,196,1,7.0,U,0
86430,2.09,6.7,3288542.0,430,410.0,2,True,0,0,0,2,0,14.0,U,0
43619,0.0,0.4,3288496.0,1900,1800.0,4,True,0,0,0,4,0,13.5,U,0
6180,0.96,2.04,4322449.0,25400,16600.0,110,True,1,1,2,135,1,4.5,U,0
5630,2.65,2.86,11241579.0,34700,20900.0,35,True,5,0,11,140,1,3.5,L,1
5015,2.43,14.23,12842225.0,2800,2500.0,35,True,4,2,3,100,1,12.0,U,0
44806,0.0,13.38,3288507.0,1500,1900.0,7,True,2,1,1,37,0,23.5,U,0
4500,7.58,8.54,4322688.0,41900,35100.0,16,True,1,0,1,31,0,10.5,L,1
6170,1.43,1.58,11240737.0,26200,15600.0,52,True,0,0,6,82,1,3.0,U,0
8000,2.28,43.2,3288294.0,1600,2500.0,11,True,2,0,2,41,0,31.5,U,0
5627,0.0,0.13,4747898.0,9800,7400.0,42,True,1,0,0,52,0,7.5,U,0
5063,0.61,1.82,4714902.0,12100,10500.0,41,True,0,2,1,56,0,11.5,U,0
47661,0.0,0.34,12064313.0,6400,4400.0,4,True,0,0,0,4,0,6.0,U,0
5845,0.8,1.44,3287565.0,23000,13700.0,40,True,1,0,2,60,0,3.0,L,1
7503,41.2,45.56,3288249.0,1000,1100.0,2,True,0,0,1,7,0,19.0,U,0
5627,2.79,2.85,7392199.0,12300,7900.0,35,True,0,0,3,50,0,4.5,U,0
5021,0.0,3.37,3287126.0,2900,2300.0,18,True,2,0,1,43,0,9.0,U,0
6604,9.14,11.36,3288010.0,30200,19700.0,33,True,3,1,1,73,1,5.0,L,1
5833,3.1,3.3,3287540.0,29900,20800.0,48,True,0,0,2,58,0,6.0,L,1
8326,8.14,41.36,7301298.0,950,950.0,5,True,0,0,0,5,0,16.0,U,0
5639,5.92,7.04,6234562.0,27300,17300.0,66,True,4,5,8,171,1,4.5,U,0
5018,2.42,3.58,13404062.0,18800,13800.0,60,True,6,4,2,150,1,7.5,U,0
3500,2.86,3.63,3286421.0,11000,13100.0,6,True,0,0,0,6,0,21.0,L,1
6613,2.45,2.94,13636687.0,16000,9100.0,26,True,1,2,0,46,0,2.5,U,0
5827,10.46,11.03,7193784.0,14800,8600.0,32,True,2,0,11,107,1,3.0,U,0
8000,178.23,179.63,12987499.0,3000,4100.0,2,True,0,0,0,2,0,25.5,L,1
6580,0.78,1.15,12850287.0,14000,8200.0,8,True,0,0,1,13,0,3.0,L,1
7149,15.57,29.33,3288116.0,1500,1500.0,4,True,1,0,0,14,0,15.5,U,0
4769,1.19,3.51,3287069.0,5000,4100.0,15,True,1,0,1,30,0,9.5,U,0
4360,16.46,18.76,3286658.0,4600,4500.0,18,True,1,0,0,28,0,14.0,U,0
5300,14.42,15.52,11264357.0,44200,44500.0,4,True,0,0,0,4,0,15.0,L,1
5800,3.13,4.55,4398766.0,19300,17500.0,45,True,2,1,1,75,1,12.5,L,1
4600,1.41,1.94,3286922.0,16500,9600.0,30,True,0,0,1,35,0,3.0,U,0
4882,0.0,4.04,6379062.0,180,180.0,0,False,0,0,0,0,0,14.0,U,0
17042,106.92,111.32,3288466.0,270,310.0,0,False,0,0,0,0,0,18.5,U,0
4238,15.61,28.49,7574440.0,600,550.0,8,True,1,0,0,18,0,14.0,U,0
2000,481.95,482.2,3286180.0,870,1200.0,1,True,0,0,0,1,0,25.5,L,1
43705,2.13,4.97,4759345.0,7500,5400.0,46,True,4,1,1,96,1,6.5,U,0
10014,7.7,135.35,12113621.0,39,31.0,0,False,0,0,0,0,0,7.5,U,0
5630,1.31,2.22,11241571.0,17900,10700.0,47,True,4,1,9,137,1,3.0,L,1
5045,0.45,0.54,3287148.0,23300,14000.0,17,True,1,0,2,37,0,3.5,L,1
2000,481.33,481.95,7331062.0,2100,2500.0,1,True,0,0,0,1,0,20.0,U,0
53222,0.0,0.62,11267172.0,6600,5700.0,11,True,0,0,1,16,0,11.5,U,0
14065,0.0,1.32,12113573.0,150,130.0,2,True,0,0,0,2,0,10.0,U,0
5627,1.23,2.79,7392197.0,12300,7900.0,66,True,2,2,5,121,1,4.5,L,1
5036,2.61,3.18,4453026.0,16000,9100.0,17,True,0,2,1,32,0,2.5,U,0
13011,0.0,112.71,6231970.0,22,20.0,0,False,0,0,0,0,0,13.5,U,0
5633,1.5,1.78,12902324.0,21800,15100.0,33,True,1,1,3,63,0,6.0,L,1
5218,15.56,17.19,3287248.0,19400,12100.0,82,True,0,1,2,97,1,4.0,L,1
12000,0.0,104.05,6234643.0,90,230.0,0,False,0,0,0,0,0,61.0,U,0
6009,1.64,2.27,3287623.0,18900,11000.0,51,True,1,3,5,101,1,3.0,L,1
8344,1.72,2.14,7686268.0,800,600.0,1,True,0,0,0,1,0,8.0,U,0
5618,0.0,0.58,3287397.0,36900,22100.0,129,True,3,1,3,179,1,3.0,L,1
5063,7.24,7.5,4714907.0,15500,9900.0,19,True,1,2,5,64,0,4.5,U,0
62091,0.0,0.33,7344323.0,900,650.0,2,True,0,0,0,2,0,6.0,U,0
6601,11.12,11.32,4750870.0,20900,12300.0,70,True,3,4,2,130,1,3.0,L,1
5865,0.0,0.14,7919504.0,17200,10500.0,23,True,0,2,0,33,0,3.5,L,1
8000,157.3,158.95,13128140.0,2100,2900.0,4,True,0,0,0,4,0,26.0,U,0
6033,5.83,7.2,3287691.0,40200,29700.0,132,True,0,3,7,182,1,7.5,L,1
5212,0.0,0.37,3287209.0,11300,6600.0,43,True,0,2,1,58,0,3.0,U,0
60021,0.0,0.13,3288527.0,2900,1800.0,1,True,0,0,0,1,0,3.5,U,0
3486,0.0,0.43,3286394.0,6100,3700.0,7,True,0,0,0,7,0,3.5,U,0
6018,3.28,4.91,3287656.0,15200,9500.0,66,True,5,4,13,201,1,4.0,U,0
5202,3.88,4.08,11414024.0,26700,15300.0,14,True,0,0,0,14,0,2.5,L,1
6576,0.0,0.21,11245649.0,1800,1100.0,12,True,1,0,1,27,0,3.5,U,0
3500,211.38,213.53,3286443.0,9400,11900.0,10,True,1,0,0,20,0,23.5,L,1
6012,1.17,1.29,4428028.0,29200,20000.0,37,True,0,2,3,62,0,5.5,L,1
60024,0.0,1.6,11413987.0,1300,850.0,8,True,1,1,2,33,0,5.5,U,0
68600,0.0,0.4,4695722.0,8400,4700.0,24,True,2,4,3,79,1,2.0,L,1
8652,0.63,11.28,3288414.0,370,430.0,1,True,0,0,0,1,0,19.0,U,0
8400,354.07,354.57,13426505.0,6700,5100.0,14,True,1,1,0,29,0,8.0,L,1
4763,10.2,10.46,3287053.0,16700,12200.0,11,True,1,1,1,31,0,7.0,L,1
3003,33.49,39.21,12459299.0,250,240.0,1,True,0,0,0,1,0,14.5,U,0
6580,0.52,0.78,12850289.0,14200,8300.0,5,True,0,0,2,15,0,2.5,L,1
64671,0.0,0.4,13112504.0,3400,2000.0,37,True,1,1,3,67,0,3.0,U,0
8667,3.54,4.19,5156894.0,500,500.0,0,False,0,0,0,0,0,15.0,U,0
2600,51.61,53.89,3286258.0,7900,4900.0,8,True,0,0,0,8,0,4.0,L,1
8671,0.0,2.49,3288433.0,240,290.0,1,True,0,0,0,1,0,21.0,U,0
7200,9.98,11.16,3288140.0,43600,27000.0,176,True,7,4,8,306,1,4.0,L,1
2600,48.63,49.22,3286254.0,3900,3900.0,16,True,1,1,3,46,0,14.5,L,1
5654,0.0,1.37,3287460.0,17700,12900.0,118,True,6,3,6,223,1,7.0,U,0
7200,211.61,213.29,7217061.0,7500,9000.0,7,True,0,0,0,7,0,21.5,U,0
4018,1.47,9.51,5153636.0,330,270.0,1,True,1,0,0,11,0,10.0,U,0
5648,8.91,10.16,3287451.0,49100,32200.0,131,True,8,0,11,266,1,5.0,L,1
7200,15.64,16.69,3288151.0,48300,29300.0,129,True,3,5,3,199,1,3.5,L,1
4384,11.79,14.27,4696362.0,2700,2300.0,9,True,1,0,0,19,0,10.5,U,0
5232,3.33,5.28,11415137.0,1800,1200.0,13,True,1,0,0,23,0,4.5,U,0
5648,8.87,8.91,12878226.0,44700,28700.0,45,True,3,0,1,80,1,4.5,L,1
7200,35.01,35.74,6382766.0,13500,15300.0,5,True,0,0,0,5,0,19.5,L,1
4489,17.06,17.21,4451127.0,6700,4200.0,8,True,0,0,1,13,0,4.0,U,0
19003,68.99,92.46,12878063.0,4,2.0,0,False,0,0,0,0,0,,U,0
4252,14.72,16.1,3286654.0,2100,2100.0,10,True,2,1,2,45,0,14.5,U,0
6443,0.0,0.36,3287888.0,26900,15300.0,9,True,0,0,1,14,0,2.5,U,0
4640,10.05,10.9,5081468.0,600,550.0,4,True,0,0,0,4,0,11.5,U,0
19063,0.0,41.0,12878062.0,0,0.0,0,False,0,0,0,0,0,0.0,U,0
4238,34.11,43.63,7574442.0,1100,1100.0,6,True,1,0,0,16,0,14.5,U,0
6303,4.85,5.6,4753314.0,2300,1400.0,4,True,1,0,2,24,0,3.5,U,0
5300,23.08,24.16,13036371.0,63700,67100.0,9,True,0,0,0,9,0,16.5,L,1
4640,14.35,15.36,5088135.0,3700,2800.0,10,True,1,0,1,25,0,8.0,U,0
18063,61.81,93.86,7915624.0,4,9.0,0,False,0,0,0,0,0,50.0,U,0
4378,17.2,17.29,13403745.0,2900,2700.0,1,True,0,0,0,1,0,13.0,U,0
4238,0.0,15.61,7574439.0,550,500.0,8,True,1,0,0,18,0,13.5,U,0
6300,5.92,6.43,3287879.0,8300,4900.0,9,True,1,1,1,29,0,3.0,U,0
4621,1.17,3.69,4695893.0,4000,3100.0,2,True,0,0,0,2,0,8.5,U,0
7200,58.88,62.08,11942285.0,7200,10200.0,12,True,1,2,1,37,0,26.5,U,0
6012,1.63,3.74,3287633.0,41000,27400.0,189,True,13,8,11,414,1,5.0,L,1
2000,279.64,410.04,3286176.0,800,1800.0,24,True,5,0,0,74,1,50.0,U,0
62031,0.0,0.46,12878045.0,6200,4400.0,42,True,1,0,2,62,0,6.5,U,0
3480,0.61,4.63,3286384.0,2700,2500.0,4,True,1,0,0,14,0,13.0,U,0
8655,0.28,1.8,3288416.0,650,750.0,0,False,0,0,0,0,0,18.5,U,0
3003,0.0,1.04,3286301.0,310,350.0,1,True,0,0,0,1,0,19.5,U,0
68600,0.4,1.2,4695724.0,16700,9700.0,37,True,2,2,3,82,1,2.5,L,1
8650,0.0,0.26,3288413.0,170,230.0,0,False,0,0,0,0,0,26.0,U,0
7015,30.66,34.45,3288096.0,1300,1600.0,3,True,0,0,0,3,0,22.5,U,0
5424,4.67,5.31,7189328.0,43700,44200.0,40,True,1,1,0,55,0,15.5,L,1
3000,61.11,96.12,7210246.0,360,370.0,2,True,0,0,0,2,0,16.5,U,0
5800,2.09,2.36,4748196.0,8800,11100.0,3,True,0,0,0,3,0,22.0,L,1
8658,5.77,9.02,3288420.0,190,210.0,0,False,0,0,0,0,0,18.0,U,0
4787,12.03,13.59,3287078.0,2400,2300.0,7,True,1,0,1,22,0,14.0,U,0
3006,97.45,100.04,3286311.0,3900,3700.0,8,True,1,1,1,28,0,14.0,U,0
7149,29.33,31.7,3288117.0,2800,2800.0,1,True,0,0,0,1,0,15.0,U,0
7200,27.53,27.91,3288167.0,21100,16600.0,2,True,0,0,0,2,0,9.0,L,1
5654,2.08,2.76,3287463.0,21500,15600.0,40,True,0,0,2,50,0,7.0,U,0
7200,29.49,31.4,4697194.0,10600,8600.0,6,True,0,0,1,11,0,10.0,L,1
4156,0.0,0.34,12466736.0,400,230.0,2,True,0,0,0,2,0,2.5,U,0
5651,1.22,1.83,4398966.0,15900,9800.0,50,True,3,3,3,110,1,4.0,L,1
7200,76.67,77.37,12941035.0,4100,6800.0,5,True,0,0,0,5,0,34.0,U,0
4495,20.18,21.55,4450913.0,9300,7600.0,2,True,0,0,0,2,0,9.5,U,0
4381,27.41,28.06,7216947.0,8300,6500.0,8,True,1,0,0,18,0,9.0,U,0
6586,4.91,5.72,3287969.0,24800,15100.0,68,True,5,2,13,193,1,3.5,L,1
6206,1.58,1.96,7207882.0,16600,10900.0,25,True,2,1,2,60,0,5.0,L,1
4606,0.0,1.69,4695798.0,7400,4500.0,12,True,3,1,3,62,0,3.5,U,0
7200,77.37,81.91,12941036.0,3600,6100.0,5,True,1,0,0,15,0,36.0,U,0
4495,15.65,16.61,4693795.0,7900,7900.0,3,True,0,0,1,8,0,15.0,U,0
4366,11.47,12.21,3286664.0,1300,1200.0,0,False,0,0,0,0,0,13.0,U,0
6205,1.07,1.2,12313300.0,14900,14400.0,9,True,0,1,0,14,0,14.0,U,0
8489,0.0,0.74,3288394.0,460,600.0,0,False,0,0,0,0,0,24.0,U,0
5403,2.33,3.5,3287295.0,19500,11400.0,111,True,2,3,8,186,1,3.0,U,0
4640,4.69,5.44,4755415.0,7800,4500.0,8,True,1,0,0,18,0,2.5,U,0
3846,13.35,22.8,3286500.0,200,200.0,5,True,1,2,0,25,0,15.0,U,0
4664,4.96,19.89,6400602.0,2700,2200.0,36,True,6,3,4,131,1,9.5,U,0
43611,0.0,0.29,3288490.0,750,700.0,0,False,0,0,0,0,0,12.0,U,0
53309,0.0,0.67,13001614.0,4000,4300.0,8,True,0,0,1,13,0,17.5,U,0
3580,0.0,0.35,3286474.0,2600,2600.0,1,True,1,0,0,11,0,14.0,L,1
4643,0.0,0.34,4754870.0,14100,8600.0,12,True,0,1,5,42,0,3.5,U,0
6203,19.86,20.23,13112508.0,12400,8600.0,29,True,1,1,3,59,0,6.0,L,1
4646,2.14,3.32,4696124.0,17000,10100.0,73,True,3,3,6,148,1,3.0,U,0
6203,3.19,4.09,12313041.0,87400,78600.0,30,True,1,0,1,45,0,12.0,L,1
6203,25.87,26.66,3287816.0,27200,15700.0,27,True,3,0,2,67,0,2.5,L,1
4500,63.78,69.87,3286846.0,12600,20800.0,11,True,1,0,0,21,0,34.0,L,1
4590,0.0,0.27,4692915.0,180,120.0,5,True,1,0,0,15,0,5.5,U,0
5648,0.79,1.16,7901564.0,27300,17200.0,71,True,2,1,5,121,1,4.0,L,1
6140,0.65,2.48,4428129.0,21000,12000.0,129,True,5,3,11,249,1,2.5,L,1
6158,0.62,1.12,11240764.0,17500,19200.0,70,True,4,1,19,210,1,17.5,L,1
4558,0.0,0.74,12623780.0,3900,3400.0,4,True,1,0,0,14,0,11.5,U,0
5648,1.16,1.36,3287436.0,27500,18300.0,51,True,0,1,6,86,1,5.0,L,1
6793,0.0,0.33,12506833.0,6300,5700.0,23,True,0,1,1,33,0,12.5,U,0
4003,53.69,56.84,7620254.0,750,650.0,0,False,0,0,0,0,0,11.5,U,0
6152,0.12,0.41,11235457.0,11600,6800.0,11,True,1,0,3,36,0,2.5,U,0
4557,0.0,0.48,12623779.0,2000,2000.0,3,True,1,0,0,13,0,16.0,U,0
4883,37.26,42.86,6401303.0,1000,1100.0,6,True,1,0,0,16,0,17.0,U,0
5409,3.42,4.47,3287329.0,34000,22100.0,112,True,5,3,1,182,1,5.0,L,1
3160,62.7,72.42,6379326.0,750,750.0,3,True,2,0,0,23,0,16.0,U,0
4486,0.0,1.19,3286748.0,3100,3100.0,6,True,0,0,1,11,0,15.5,U,0
4495,21.55,25.09,5155977.0,8800,8200.0,12,True,0,0,1,17,0,12.5,U,0
7800,3.0,61.48,7923723.0,4900,9400.0,42,True,7,0,0,112,1,41.0,U,0
5400,7.21,8.62,3715771.0,22600,13900.0,112,True,7,7,5,242,1,4.0,U,0
3160,261.89,265.5,12188024.0,7100,6800.0,18,True,1,2,1,43,0,14.0,U,0
4489,33.41,39.44,3286801.0,2300,1600.0,19,True,1,0,1,34,0,5.5,U,0
8823,34.85,35.59,3288437.0,4500,4700.0,4,True,0,0,0,4,0,15.5,U,0
7100,15.36,84.21,3288108.0,550,800.0,6,True,2,0,0,26,0,29.0,U,0
6033,2.43,4.47,3287689.0,35800,26300.0,260,True,4,5,12,385,1,7.5,L,1
3006,66.85,67.07,3286308.0,1000,1100.0,0,False,0,0,0,0,0,18.0,U,0
5818,0.0,0.22,3714164.0,12300,7600.0,17,True,0,2,1,32,0,4.0,U,0
8655,25.75,27.64,7397802.0,270,340.0,1,True,0,0,0,1,0,22.0,U,0
7200,205.81,207.29,7028682.0,5300,6900.0,3,True,1,0,1,18,0,24.5,U,0
4127,0.58,3.96,7900824.0,1000,900.0,2,True,0,0,0,2,0,13.0,U,0
5218,9.02,10.61,3287236.0,36000,30800.0,258,True,4,5,6,353,1,11.0,L,1
3006,61.43,65.29,5153336.0,360,450.0,2,True,1,0,0,12,0,22.0,U,0
5803,3.01,3.94,3287485.0,7100,3800.0,6,True,0,0,1,11,0,1.5,U,0
7200,41.53,51.68,6201200.0,12700,15700.0,25,True,5,1,2,90,1,22.0,L,1
4760,49.1,50.0,4696210.0,17300,9500.0,22,True,3,1,4,77,1,2.0,U,0
5221,0.82,1.16,3287258.0,32400,18900.0,57,True,2,1,3,97,1,3.0,U,0
5824,0.0,0.4,3713186.0,7200,4300.0,22,True,2,0,4,62,0,3.5,U,0
4640,69.02,73.11,11649208.0,5800,5000.0,7,True,0,0,0,7,0,11.0,U,0
7500,11.69,31.41,3288242.0,600,800.0,4,True,0,0,0,4,0,25.0,U,0
4516,0.0,0.15,3286888.0,5000,3000.0,4,True,1,1,1,24,0,3.5,U,0
17033,0.0,11.12,3288462.0,36,32.0,3,True,0,0,2,13,0,11.0,U,0
4156,0.65,0.97,13640029.0,1600,900.0,0,False,0,0,0,0,0,2.0,U,0
6212,4.41,5.18,4917756.0,36000,21000.0,83,True,3,3,7,163,1,3.0,L,1
5417,0.0,0.26,3714466.0,14600,17200.0,45,True,3,2,2,95,1,20.0,L,1
4640,34.23,44.66,4693808.0,1200,950.0,12,True,1,0,1,27,0,10.0,U,0
28018,83.51,230.92,6234795.0,19,21.0,2,True,0,0,0,2,0,21.0,U,0
4363,0.0,10.47,3286660.0,1700,1600.0,11,True,2,0,0,31,0,13.0,U,0
53310,0.0,0.74,13036585.0,6200,5700.0,4,True,0,0,0,4,0,13.0,U,0
3846,0.0,13.35,3286499.0,180,190.0,3,True,0,0,0,3,0,17.0,U,0
4640,2.16,2.52,4755871.0,8400,5000.0,6,True,0,0,0,6,0,3.0,U,0
8400,8.03,50.1,6235824.0,1600,1800.0,9,True,0,0,0,9,0,19.0,U,0
4009,42.2,43.35,7028844.0,1900,1800.0,5,True,0,0,0,5,0,14.0,U,0
4760,24.74,28.26,3287042.0,12200,12300.0,34,True,0,0,0,34,0,15.5,U,0
6167,0.0,0.16,11235446.0,7500,4600.0,36,True,0,0,6,66,0,3.5,U,0
8400,286.31,293.44,5152795.0,1000,1400.0,2,True,0,0,0,2,0,26.0,U,0
5615,0.0,0.95,3287395.0,28000,16200.0,115,True,4,3,3,185,1,2.5,U,0
4009,62.56,70.48,7900785.0,1000,900.0,2,True,0,0,0,2,0,11.0,U,0
4126,14.82,16.59,3286605.0,4700,4500.0,1,True,0,0,0,1,0,14.0,U,0
8486,18.97,32.44,3288390.0,600,600.0,3,True,1,0,0,13,0,16.0,U,0
5610,8.96,9.11,11241301.0,19400,18100.0,32,True,2,0,6,82,1,13.0,L,1
3006,0.0,0.93,12032518.0,600,650.0,0,False,0,0,0,0,0,18.5,U,0
4000,0.0,46.05,3286529.0,220,180.0,8,True,1,2,0,28,0,9.5,U,0
20009,0.0,63.15,12110513.0,3,4.0,1,True,0,0,0,1,0,33.5,U,0
6606,0.0,0.18,3288027.0,2300,1500.0,14,True,0,0,1,19,0,4.5,U,0
5851,6.87,6.91,12878224.0,28900,18900.0,42,True,0,1,3,62,0,5.0,L,1
7800,161.56,170.42,3288283.0,3800,6600.0,5,True,1,0,0,15,0,37.0,U,0
5400,8.62,9.06,3287290.0,29100,17500.0,40,True,3,0,2,80,1,3.5,L,1
3160,225.75,231.23,12188021.0,3000,3000.0,8,True,1,0,1,23,0,15.5,U,0
6610,2.21,2.43,4751112.0,22700,15600.0,52,True,1,0,2,72,1,6.0,L,1
53234,0.0,0.55,11267181.0,5400,5000.0,5,True,0,0,0,5,0,13.0,U,0
5406,3.51,6.57,3720201.0,39900,27200.0,240,True,8,8,12,420,1,6.0,L,1
3160,89.93,90.46,3286321.0,1350,1400.0,3,True,1,0,0,13,0,15.5,L,1
43613,0.0,0.3,3288495.0,700,750.0,0,False,0,0,0,0,0,17.0,U,0
6176,0.0,0.16,11240192.0,36900,24100.0,39,True,1,3,5,89,1,4.5,L,1
53301,0.0,1.2,13107715.0,7000,8100.0,4,True,0,0,0,4,0,20.0,U,0
5630,0.0,0.43,9221343.0,15200,9700.0,31,True,1,0,1,46,0,4.5,U,0
5018,5.5,5.96,3287124.0,12300,7700.0,57,True,2,2,1,92,1,4.0,U,0
6780,14.42,17.04,5101556.0,58800,51300.0,34,True,2,0,1,59,0,11.0,L,1
5845,3.06,3.85,3287570.0,20000,11600.0,59,True,3,2,4,119,1,3.0,U,0
8000,62.43,83.61,6403021.0,1900,2600.0,8,True,2,0,0,28,0,26.0,U,0
5405,1.54,3.45,4427946.0,32800,19300.0,52,True,1,3,3,92,1,3.0,L,1
3329,0.0,26.74,3286355.0,310,380.0,4,True,0,0,0,4,0,21.0,U,0
6735,2.62,2.88,4695715.0,20800,12400.0,35,True,0,1,1,45,0,3.0,U,0
5845,1.91,3.06,3287569.0,18100,10700.0,84,True,3,3,8,169,1,3.0,U,0
88206,0.0,1.18,3288543.0,700,600.0,0,False,0,0,0,0,0,11.5,U,0
7880,0.5,47.82,3288290.0,210,260.0,5,True,2,1,0,30,0,21.5,U,0
5403,3.5,4.67,3287296.0,32600,22100.0,140,True,3,3,12,245,1,5.5,L,1
3163,50.01,61.62,3286342.0,700,800.0,1,True,0,0,0,1,0,20.0,U,0
4495,18.06,18.73,5155975.0,9800,9900.0,16,True,0,0,1,21,0,15.5,U,0
36839,0.72,4.14,3288482.0,500,700.0,1,True,0,0,0,1,0,28.0,U,0
56301,2.37,2.73,11235449.0,12500,7000.0,35,True,1,0,6,75,1,2.0,U,0
4640,73.11,73.82,6510942.0,4600,4300.0,13,True,1,1,1,33,0,13.0,U,0
6203,22.48,22.79,3287808.0,32600,19400.0,60,True,2,3,4,115,1,3.0,L,1
6787,0.0,0.3,5101834.0,3000,2300.0,14,True,0,1,0,19,0,8.5,U,0
6039,12.47,19.49,4692421.0,1700,1300.0,18,True,0,0,2,28,0,7.5,U,0
5063,5.33,6.46,3287162.0,20700,13300.0,97,True,7,5,9,237,1,4.5,U,0
62035,0.17,0.32,12878050.0,15500,10800.0,17,True,0,2,2,37,0,6.0,U,0
5803,2.65,3.01,4747971.0,6900,3700.0,2,True,0,0,0,2,0,1.5,U,0
6015,4.08,5.46,3287651.0,17900,10400.0,81,True,0,1,4,106,1,2.5,U,0
4760,47.66,49.1,6510922.0,19300,10900.0,12,True,1,0,0,22,0,2.0,U,0
6039,8.52,9.79,4322980.0,4100,2700.0,11,True,0,0,1,16,0,5.0,U,0
5063,4.16,5.33,4714903.0,17400,11200.0,88,True,7,4,8,218,1,4.5,U,0
63000,3.51,4.87,4759442.0,4700,3100.0,1,True,1,0,1,16,0,5.5,U,0
5821,0.0,0.47,3713147.0,4900,2800.0,6,True,0,0,0,6,0,2.5,L,1
6021,9.61,10.45,4689907.0,550,370.0,9,True,0,0,0,9,0,5.0,U,0
4760,4.92,5.44,13646820.0,15800,11500.0,8,True,0,2,1,23,0,7.0,L,1
5300,17.52,19.71,11264359.0,49800,48600.0,27,True,0,0,1,32,0,14.5,L,1
6583,0.91,0.98,3819373.0,21800,12800.0,24,True,0,1,2,39,0,3.0,L,1
1503,9.58,9.79,7331183.0,550,600.0,0,False,0,0,0,0,0,18.0,U,0
4793,0.91,5.25,3287083.0,1300,1100.0,3,True,1,1,0,18,0,10.0,U,0
4489,29.24,32.95,3286797.0,3100,2100.0,21,True,0,0,2,31,0,5.5,U,0
7623,3.7,4.68,3288268.0,14000,7900.0,15,True,2,0,3,50,0,2.5,U,0
5409,5.94,6.52,7673545.0,14400,8800.0,40,True,1,0,0,50,0,3.5,L,1
3160,72.76,89.93,3286320.0,750,750.0,5,True,0,0,0,5,0,16.0,U,0
1100,0.0,78.48,3286168.0,130,180.0,2,True,1,0,0,12,0,25.5,U,0
20015,9.6,26.49,12632313.0,47,60.0,1,True,0,0,0,1,0,21.5,U,0
6735,3.32,3.8,12388827.0,18100,10300.0,18,True,1,2,3,53,0,2.5,U,0
70030,7.05,8.62,3288538.0,120,90.0,1,True,0,0,0,1,0,8.5,U,0
7506,7.44,11.14,6075482.0,1500,1400.0,4,True,0,0,0,4,0,13.5,U,0
5406,8.36,11.69,3641910.0,39400,35600.0,57,True,1,1,2,82,1,12.0,L,1
4021,8.34,17.6,3286588.0,290,250.0,2,True,0,0,0,2,0,11.0,U,0
5423,0.0,0.27,7189344.0,2500,4400.0,7,True,1,0,0,17,0,36.0,U,0
3400,0.0,222.82,5153432.0,650,1100.0,19,True,2,1,0,44,0,37.0,U,0
4480,33.88,34.88,3286735.0,2600,2400.0,3,True,0,0,0,3,0,12.5,U,0
2203,0.0,53.62,3286214.0,300,300.0,4,True,0,0,0,4,0,15.5,U,0
47639,0.0,0.4,13531364.0,1000,850.0,0,False,0,0,0,0,0,11.0,U,0
12012,0.0,118.34,7914184.0,42,60.0,2,True,0,0,1,7,0,26.0,U,0
5639,5.9,5.92,12878326.0,29700,18400.0,23,True,0,0,3,38,0,3.5,U,0
5015,0.81,2.43,6511462.0,2800,2500.0,1,True,0,0,0,1,0,12.0,U,0
53304,0.0,0.41,13001644.0,4200,5100.0,9,True,0,0,0,9,0,21.5,U,0
14022,0.0,34.16,6234791.0,8,5.0,0,False,0,0,0,0,0,0.0,U,0
8000,199.34,204.78,12995334.0,4200,5400.0,7,True,0,2,0,17,0,24.0,U,0
5639,7.68,7.97,6234583.0,36000,23700.0,43,True,0,0,1,48,0,5.0,L,1
5000,17.7,18.72,3287113.0,8700,5100.0,14,True,1,1,3,44,0,3.0,U,0
62039,1.06,1.58,13149527.0,6400,5000.0,17,True,0,0,0,17,0,8.5,U,0
13000,403.71,544.63,6231828.0,130,150.0,11,True,5,0,7,96,1,20.0,U,0
5830,0.0,2.3,3287529.0,14700,9200.0,66,True,2,3,2,111,1,4.0,L,1
8163,47.53,66.86,6236085.0,200,230.0,2,True,0,1,1,12,0,19.0,U,0
5630,3.93,4.07,13149025.0,19700,12400.0,4,True,0,0,0,4,0,4.0,L,1
5201,4.24,5.63,3287187.0,19400,12500.0,77,True,4,3,1,137,1,4.5,L,1
6578,0.0,0.19,11245650.0,2600,1600.0,9,True,1,0,2,29,0,4.0,U,0
6608,1.56,2.45,4751060.0,9700,5300.0,30,True,0,2,0,40,0,2.0,L,1
5851,0.09,0.51,3287575.0,10000,5900.0,27,True,2,0,9,92,1,3.0,U,0
2000,883.25,925.56,3286191.0,900,1700.0,11,True,0,0,0,11,0,41.0,U,0
8000,141.02,149.35,3288303.0,2600,3500.0,8,True,1,0,0,18,0,25.0,U,0
3483,0.43,0.7,6402082.0,12800,7900.0,5,True,0,0,0,5,0,3.5,L,1
6610,4.62,5.17,4428206.0,25100,14500.0,20,True,0,0,0,20,0,2.5,L,1
2200,103.81,105.1,7690403.0,1200,1400.0,0,False,0,0,0,0,0,19.0,U,0
44806,13.38,30.06,7214602.0,1700,2000.0,12,True,5,1,1,72,1,21.0,U,0
3497,5.19,9.2,3286411.0,600,600.0,1,True,0,0,0,1,0,16.5,U,0
14024,68.07,145.12,7914583.0,15,20.0,0,False,0,0,0,0,0,26.5,U,0
2400,55.01,122.21,3286217.0,220,290.0,10,True,2,1,0,35,0,22.5,U,0
3492,19.42,20.98,3286400.0,850,850.0,0,False,0,0,0,0,0,15.5,U,0
4763,24.33,25.46,6397522.0,5200,4200.0,12,True,1,0,0,22,0,9.5,U,0
22021,1.24,1.51,7331044.0,2000,2500.0,1,True,0,0,0,1,0,22.5,L,1
4785,0.0,0.6,3287075.0,1400,1100.0,5,True,0,2,1,20,0,9.5,U,0
17120,0.0,20.55,7913443.0,40,41.0,1,True,1,0,1,16,0,15.0,U,0
7200,125.01,161.92,3288189.0,3300,5200.0,29,True,4,0,1,74,1,30.5,U,0
4495,25.09,25.27,5156115.0,8900,6400.0,11,True,2,0,1,36,0,6.5,U,0
6188,0.42,0.62,4206906.0,8500,4800.0,53,True,0,2,0,63,0,2.0,U,0
6215,2.26,2.28,12878230.0,19700,12800.0,34,True,3,0,7,99,1,4.5,L,1
7200,21.15,21.73,4779969.0,42800,25300.0,99,True,5,4,7,204,1,3.0,L,1
4489,8.68,9.3,4748816.0,45200,25600.0,52,True,0,0,1,57,0,2.5,L,1
4373,0.0,5.35,12503638.0,1200,1300.0,4,True,1,0,1,19,0,16.0,U,0
6170,0.0,0.16,11235445.0,13400,9300.0,47,True,1,0,3,72,1,6.0,U,0
6233,0.0,0.34,11414484.0,6000,4100.0,49,True,1,1,0,64,0,5.5,U,0
5400,3.63,4.84,3287286.0,24100,14900.0,119,True,4,6,6,219,1,3.5,L,1
6586,6.99,8.2,3287973.0,24300,14200.0,74,True,2,3,11,164,1,3.0,L,1
4600,4.51,4.87,3286924.0,12400,7100.0,3,True,0,1,1,13,0,2.5,U,0
53232,0.0,0.57,11267179.0,2300,2400.0,44,True,1,2,2,74,1,16.5,U,0
5300,21.17,21.9,13108085.0,50400,52200.0,6,True,1,0,1,21,0,16.0,L,1
3332,0.0,13.45,3286362.0,420,550.0,2,True,1,0,0,12,0,26.0,U,0
6170,0.16,0.32,11240730.0,15800,10600.0,48,True,2,0,6,98,1,5.5,U,0
47637,0.0,0.47,13531367.0,1100,1200.0,14,True,0,0,0,14,0,17.5,U,0
6191,4.56,4.9,3874195.0,24400,13400.0,44,True,1,1,3,74,1,2.0,U,0
6024,0.83,1.65,3287677.0,20300,11500.0,109,True,3,4,3,174,1,2.5,U,0
44821,0.87,2.24,12459422.0,8100,7300.0,19,True,1,2,2,49,0,12.5,U,0
6203,0.47,1.39,12313037.0,91600,84900.0,50,True,0,0,1,55,0,13.0,L,1
5639,3.41,3.7,3713367.0,32000,20900.0,51,True,0,0,2,61,0,5.0,L,1
5000,17.07,17.7,7217030.0,5300,3800.0,4,True,0,0,0,4,0,7.0,U,0
2000,482.43,482.97,3286182.0,1100,1500.0,1,True,0,0,0,1,0,25.5,U,0
3163,85.62,86.39,13514378.0,2300,2500.0,6,True,0,1,0,11,0,18.0,U,0
22003,0.0,93.36,6234783.0,11,8.0,0,False,0,0,0,0,0,9.0,U,0
6735,1.45,1.88,4695709.0,18300,10900.0,87,True,3,2,7,162,1,3.0,U,0
47638,0.0,0.38,13531365.0,950,1100.0,1,True,0,0,0,1,0,20.0,U,0
5630,3.71,3.87,13149023.0,16200,10700.0,18,True,0,0,1,23,0,5.0,U,0
5063,2.99,4.16,3287160.0,16200,10500.0,107,True,5,5,5,207,1,4.5,U,0
44830,0.0,0.15,13506543.0,1900,1500.0,3,True,0,0,1,8,0,10.0,U,0
14060,0.2,1.22,12113579.0,750,650.0,4,True,2,1,3,44,0,10.0,U,0
5851,6.91,7.77,3287588.0,20900,13100.0,56,True,2,1,4,101,1,4.0,L,1
8000,208.77,209.43,12987502.0,14000,15500.0,22,True,1,2,1,47,0,18.0,L,1
5639,7.04,7.23,13448564.0,27300,17300.0,23,True,0,0,1,28,0,4.0,L,1
5036,11.41,11.78,4914864.0,6200,5900.0,4,True,0,0,1,9,0,13.5,U,0
12001,0.0,274.83,6234657.0,60,95.0,2,True,1,0,1,17,0,31.5,U,0
6723,1.7,3.36,11208308.0,19800,12500.0,104,True,5,1,5,184,1,4.5,L,1
6604,6.96,9.14,3288009.0,31600,20500.0,38,True,0,0,2,48,0,4.5,L,1
6018,0.0,0.81,3287653.0,21300,12900.0,82,True,6,1,10,197,1,3.5,U,0
8347,1.54,1.92,3288342.0,3600,2900.0,0,False,0,0,0,0,0,9.5,U,0
6140,2.48,3.22,3287711.0,19500,10700.0,68,True,2,1,6,123,1,2.0,L,1
5218,13.55,14.5,3287241.0,22900,14600.0,58,True,0,2,3,83,1,4.5,L,1
6467,0.87,3.65,4752028.0,31700,18300.0,54,True,4,5,3,134,1,2.5,L,1
3500,4.17,6.08,3286424.0,11000,13100.0,4,True,0,0,0,4,0,21.0,L,1
6009,0.0,0.78,3287622.0,14600,8500.0,76,True,4,3,5,156,1,3.0,L,1
8000,208.23,208.77,12986192.0,5600,6400.0,13,True,0,1,0,18,0,19.0,L,1
60003,0.0,0.2,3288522.0,8200,4800.0,3,True,1,0,2,23,0,3.0,U,0
3483,0.7,1.04,3286387.0,9700,5900.0,9,True,0,0,1,14,0,3.5,U,0
6000,1.07,1.67,3287607.0,15300,11600.0,17,True,1,1,3,47,0,8.0,U,0
2413,0.0,2.92,3286234.0,1200,1200.0,2,True,0,0,0,2,0,14.0,U,0
6464,0.0,0.83,3287928.0,15300,8600.0,66,True,2,3,0,101,1,2.0,L,1
3500,134.64,161.7,3286438.0,3800,5500.0,31,True,6,2,1,106,1,29.0,U,0
8655,1.8,17.28,3288417.0,370,380.0,4,True,1,0,0,14,0,16.0,U,0
6000,3.89,4.34,4750451.0,6900,4800.0,3,True,0,0,0,3,0,6.0,U,0
2600,0.0,46.42,3286249.0,2300,2800.0,36,True,2,0,0,56,0,21.5,U,0
58021,0.0,0.31,12113513.0,140,140.0,1,True,1,0,1,16,0,14.5,U,0
63000,6.11,6.3,4692398.0,9000,6000.0,6,True,0,0,1,11,0,5.0,U,0
8829,0.0,0.09,7303763.0,13700,9300.0,21,True,0,0,0,21,0,5.5,L,1
12000,154.08,277.68,6234655.0,47,100.0,1,True,1,0,0,11,0,49.0,U,0
5624,1.46,2.11,3287405.0,53400,32200.0,123,True,2,1,3,163,1,3.5,L,1
2400,136.28,152.34,3286220.0,800,850.0,6,True,1,0,0,16,0,16.5,U,0
12020,0.0,86.54,7914203.0,15,40.0,0,False,0,0,0,0,0,66.5,U,0
6021,29.31,30.48,4689911.0,5100,3700.0,11,True,2,0,4,51,0,7.0,U,0
5218,17.65,18.36,3287252.0,17200,10000.0,28,True,4,1,4,93,1,2.5,L,1
2200,355.53,367.68,6407306.0,650,800.0,5,True,0,0,0,5,0,20.0,U,0
7009,4.3,7.93,3288093.0,300,340.0,1,True,0,0,1,6,0,20.0,U,0
6039,12.0,12.47,4692420.0,2700,1900.0,6,True,0,1,1,16,0,6.5,U,0
5218,2.45,3.19,3287224.0,31300,25200.0,67,True,3,0,6,127,1,9.5,L,1
6796,0.0,0.38,12506835.0,8400,6800.0,15,True,0,2,2,35,0,9.5,U,0
6015,0.65,1.82,7188489.0,30700,17400.0,117,True,2,3,6,182,1,2.5,L,1
6124,1.88,2.22,13146984.0,6500,3400.0,15,True,1,0,5,50,0,1.0,U,0
5063,8.94,9.55,3287168.0,10900,6900.0,49,True,1,1,1,69,0,4.5,U,0
7500,31.41,51.06,4745982.0,490,650.0,3,True,0,0,0,3,0,24.5,U,0
4516,0.15,1.83,5156195.0,4300,2700.0,5,True,1,0,1,20,0,4.0,U,0
4159,2.08,2.84,7399103.0,1900,1200.0,4,True,1,0,1,19,0,4.0,U,0
6205,1.63,2.02,12313303.0,9900,10300.0,5,True,1,0,1,20,0,16.0,U,0
8492,12.98,26.92,6387026.0,480,490.0,4,True,1,0,1,19,0,15.5,U,0
5421,1.99,2.97,3287348.0,8300,9700.0,50,True,1,1,3,80,1,20.0,L,1
7386,0.0,21.07,3288226.0,800,1500.0,10,True,1,0,1,25,0,40.0,U,0
4515,5.92,7.67,3286872.0,9400,6100.0,11,True,1,1,3,41,0,5.0,U,0
4249,20.49,21.75,3286651.0,2000,1800.0,8,True,2,2,1,43,0,12.0,U,0
6206,1.96,2.34,7207884.0,19100,13100.0,28,True,2,0,2,58,0,5.5,L,1
3501,0.0,12.97,3286472.0,400,460.0,1,True,0,0,0,1,0,19.0,U,0
4682,5.72,14.74,3289539.0,1300,1300.0,6,True,1,0,0,16,0,14.0,U,0
7201,0.0,0.53,13445263.0,1700,2600.0,0,False,0,0,0,0,0,29.5,U,0
4515,2.04,2.24,5156245.0,10400,6500.0,6,True,0,0,0,6,0,4.0,U,0
40003,2.28,3.42,3288484.0,140,120.0,0,False,0,0,0,0,0,10.5,U,0
4486,1.19,10.26,5157539.0,2400,2400.0,13,True,1,0,1,28,0,15.5,U,0
6146,1.43,2.73,3287726.0,48600,27900.0,129,True,1,1,8,184,1,2.5,L,1
4551,0.0,0.61,3286908.0,10900,7300.0,22,True,1,0,0,32,0,5.5,U,0
6167,0.16,0.32,11240724.0,6200,3900.0,30,True,0,0,6,60,0,4.0,U,0
5432,0.81,1.1,7688028.0,5900,6300.0,5,True,0,0,0,5,0,16.5,L,1
5221,10.11,10.55,4691838.0,32400,18300.0,13,True,1,0,1,28,0,2.5,L,1
4012,0.0,26.18,3286556.0,650,550.0,7,True,2,1,0,32,0,11.0,U,0
6158,1.12,1.68,11240765.0,17400,18700.0,74,True,5,1,12,189,1,17.0,L,1
5447,0.0,1.48,13107983.0,8900,7600.0,10,True,0,1,0,15,0,10.5,U,0
3870,24.58,28.99,6393862.0,260,300.0,1,True,1,0,0,11,0,19.0,U,0
6149,0.76,1.03,12466729.0,5100,3000.0,36,True,2,0,7,91,1,3.0,U,0
5424,0.0,1.22,7189375.0,29100,36800.0,56,True,3,2,4,116,1,22.5,L,1
5610,2.85,3.22,3287378.0,39500,25100.0,149,True,4,2,9,244,1,4.5,L,1
4793,0.0,0.91,9217806.0,5100,3700.0,9,True,1,0,0,19,0,6.5,U,0
4489,62.7,75.42,3286808.0,1400,1700.0,7,True,2,0,2,37,0,20.5,U,0
7500,163.71,169.71,3288246.0,1900,2000.0,6,True,1,0,0,16,0,16.5,U,0
5616,0.54,1.1,11235453.0,15100,9200.0,32,True,2,1,1,62,0,3.5,U,0
4883,52.19,52.9,6401322.0,1500,1600.0,0,False,0,0,0,0,0,17.5,U,0
5340,0.0,0.33,11264438.0,10200,10200.0,1,True,0,0,0,1,0,14.5,U,0
6791,0.0,0.46,12506831.0,14500,10800.0,23,True,0,0,0,23,0,7.5,U,0
2603,0.35,24.52,3286281.0,420,460.0,4,True,0,0,0,4,0,18.0,U,0
5827,1.67,2.24,4745265.0,10100,5800.0,12,True,1,0,0,22,0,2.5,U,0
7161,10.23,10.47,3288125.0,850,500.0,0,False,0,0,0,0,0,3.5,U,0
4141,9.66,22.81,3286623.0,2600,2700.0,12,True,1,0,0,22,0,16.5,U,0
5815,0.83,1.14,7688031.0,12700,7100.0,22,True,2,2,5,77,1,2.0,L,1
7200,4.23,5.25,6382842.0,37200,25300.0,96,True,5,5,3,186,1,5.5,L,1
4243,34.96,54.96,3286646.0,800,850.0,6,True,1,0,1,21,0,17.5,U,0
5221,5.23,6.62,3287265.0,42300,24800.0,173,True,9,3,17,363,1,3.0,L,1
5827,0.0,1.67,3287517.0,8000,4600.0,26,True,3,0,4,76,1,2.5,U,0
7158,0.0,1.6,3288123.0,2500,2900.0,3,True,0,0,1,8,0,19.5,U,0
4159,0.94,2.08,3286632.0,2500,2500.0,6,True,2,0,1,31,0,15.0,U,0
5824,0.46,0.87,4747875.0,10800,6100.0,11,True,1,1,4,46,0,2.5,U,0
4601,0.0,0.96,3286925.0,37600,21400.0,50,True,2,2,6,110,1,2.5,L,1
2600,302.96,313.25,7300822.0,4100,3700.0,11,True,1,1,1,31,0,11.5,U,0
8829,1.22,1.86,3288447.0,7700,6200.0,5,True,0,0,0,5,0,9.0,L,1
60000,0.0,0.83,3288521.0,5200,3400.0,18,True,0,3,4,53,0,5.0,U,0
5815,1.14,1.68,3287495.0,11400,7300.0,25,True,2,3,4,80,1,4.5,L,1
6000,2.5,2.78,3287611.0,14200,8600.0,6,True,0,0,0,6,0,3.5,L,1
6027,1.64,3.28,3287681.0,12000,7300.0,110,True,1,7,14,225,1,3.5,U,0
5202,3.26,3.88,3287194.0,22800,13400.0,80,True,4,6,2,160,1,3.0,L,1
62036,0.0,0.33,12878048.0,11800,8200.0,67,True,0,0,2,77,1,6.0,U,0
3500,180.28,180.92,13403805.0,1600,2500.0,0,False,0,0,0,0,0,31.5,U,0
4763,11.08,11.56,4695813.0,19800,13500.0,26,True,3,4,2,86,1,5.5,L,1
5066,4.39,4.6,12630852.0,24800,14300.0,62,True,4,1,2,117,1,2.5,U,0
6592,3.24,3.96,3901857.0,25200,14700.0,39,True,4,1,5,109,1,3.0,U,0
64611,0.0,0.28,13115547.0,11200,7900.0,18,True,0,0,1,23,0,6.5,U,0
6000,5.0,6.41,6108635.0,2500,1700.0,9,True,0,0,0,9,0,5.0,U,0
6580,7.66,8.63,4918116.0,22300,13300.0,54,True,2,0,8,114,1,3.0,L,1
4480,0.0,1.18,3286730.0,2400,2100.0,0,False,0,0,0,0,0,11.5,U,0
4763,17.36,17.62,13468769.0,6100,5100.0,1,True,0,0,0,1,0,10.0,L,1
2600,50.6,51.61,4696763.0,8800,5200.0,4,True,0,0,0,4,0,3.0,L,1
6586,1.65,3.87,3287964.0,30800,18800.0,110,True,6,4,8,230,1,3.5,L,1
4880,26.14,32.91,3287090.0,1000,1100.0,5,True,1,0,0,15,0,17.0,U,0
7200,17.17,18.21,3288156.0,47700,28500.0,98,True,0,5,0,123,1,3.0,L,1
7152,0.22,1.08,6420043.0,2200,2400.0,3,True,0,1,0,8,0,17.5,U,0
6209,0.8,1.31,4750560.0,20800,14100.0,60,True,3,1,4,115,1,6.0,U,0
7200,5.25,6.4,7837272.0,53600,35100.0,105,True,5,1,3,175,1,5.0,L,1
4489,75.42,79.37,4689750.0,2900,3200.0,16,True,2,1,2,51,0,17.0,U,0
6440,0.0,0.63,4693721.0,22300,12700.0,42,True,2,3,7,112,1,2.0,U,0
3849,1.14,6.18,3286502.0,420,460.0,0,False,0,0,0,0,0,18.0,U,0
4643,9.57,15.99,3286974.0,2000,1400.0,9,True,2,0,2,39,0,6.5,U,0
4395,0.0,0.58,3286701.0,5700,5300.0,18,True,1,1,0,33,0,13.0,U,0
5417,2.05,2.89,4398987.0,4900,6100.0,27,True,2,0,5,72,1,22.5,U,0
4643,16.83,21.69,3286975.0,700,480.0,6,True,2,0,4,46,0,6.0,U,0
3500,287.08,289.5,13037023.0,19800,19800.0,70,True,5,1,2,135,1,15.0,L,1
4652,23.1,23.97,3287007.0,5700,6100.0,16,True,1,0,2,36,0,16.5,U,0
6203,18.95,19.64,3287803.0,46800,36400.0,77,True,1,0,6,117,1,8.5,L,1
4646,1.22,1.39,5156840.0,30800,20000.0,39,True,0,0,0,39,0,4.5,L,1
6203,11.36,11.99,3287790.0,36600,33500.0,79,True,4,4,6,169,1,12.5,L,1
6126,1.67,1.88,11240789.0,6100,3300.0,26,True,0,0,4,46,0,1.5,U,0
4554,0.0,0.46,3286911.0,10700,7200.0,12,True,0,1,0,17,0,5.5,U,0
4480,36.23,40.26,3286737.0,2100,1400.0,8,True,1,0,1,23,0,5.5,U,0
6164,0.0,0.16,11235447.0,12900,7800.0,30,True,3,1,6,95,1,3.5,L,1
4562,0.0,0.62,3286913.0,750,850.0,3,True,0,0,0,3,0,18.5,U,0
6143,4.47,4.55,12384901.0,39800,23500.0,153,True,2,3,10,238,1,3.0,L,1
4534,0.0,0.38,3286903.0,5200,3900.0,16,True,0,0,0,16,0,7.5,U,0
5610,8.64,8.8,11241297.0,19700,18200.0,62,True,3,2,7,137,1,12.5,L,1
4009,99.71,104.9,3286552.0,1100,950.0,0,False,0,0,0,0,0,11.0,U,0
6143,2.06,3.27,4428567.0,48900,30700.0,156,True,6,3,12,291,1,4.0,L,1
4390,1.11,14.86,7572535.0,3200,2800.0,28,True,5,0,0,78,1,11.5,U,0
5824,0.87,1.26,7688943.0,13600,7700.0,22,True,0,1,2,37,0,2.0,U,0
8400,348.24,348.55,13448784.0,6700,7600.0,2,True,0,0,0,2,0,18.5,L,1
3160,90.46,100.43,3286323.0,650,700.0,4,True,1,0,1,19,0,17.0,U,0
4492,0.0,2.14,3286812.0,3000,2000.0,45,True,5,1,9,145,1,5.0,U,0
6780,0.0,0.6,13115676.0,36000,34800.0,35,True,1,1,3,65,0,14.0,L,1
7518,0.0,1.79,3288263.0,380,490.0,1,True,0,0,0,1,0,23.5,U,0
5006,3.78,6.12,3287116.0,10400,6600.0,46,True,4,4,1,111,1,4.5,U,0
5300,27.3,27.86,13036608.0,62300,67200.0,11,True,1,0,1,26,0,17.5,L,1
3163,85.34,85.62,5153401.0,1400,1600.0,0,False,0,0,0,0,0,18.5,U,0
4495,16.61,18.06,5155974.0,8600,8700.0,6,True,0,0,1,11,0,15.0,U,0
6780,2.26,2.96,4004172.0,49700,46500.0,48,True,3,2,0,88,1,13.0,L,1
5860,1.41,1.63,3287597.0,27100,17200.0,37,True,0,2,0,47,0,4.5,U,0
7515,2.52,3.58,7843633.0,2700,2300.0,6,True,0,0,0,6,0,11.0,U,0
5330,0.0,0.91,11264430.0,8000,8000.0,5,True,0,0,0,5,0,15.0,U,0
3332,13.45,13.78,3286364.0,420,560.0,2,True,1,0,1,17,0,25.0,L,1
4489,12.01,13.39,3286787.0,16400,10200.0,47,True,2,1,3,87,1,4.0,L,1
6735,3.8,4.95,13426244.0,15900,9100.0,36,True,2,6,2,96,1,2.5,U,0
5830,2.49,3.66,7688963.0,13700,8100.0,29,True,2,0,2,59,0,3.0,L,1
7515,0.0,0.48,3288259.0,11700,6600.0,24,True,0,0,0,24,0,2.0,L,1
5300,27.02,27.3,13036605.0,66300,71500.0,3,True,1,0,1,18,0,17.5,L,1
3160,231.23,254.48,12188022.0,3300,3500.0,22,True,0,1,2,37,0,16.5,U,0
6604,19.7,20.64,3288024.0,24100,14400.0,72,True,1,2,3,107,1,3.0,L,1
53212,0.0,0.58,11267159.0,3400,3100.0,5,True,0,0,0,5,0,12.0,U,0
5406,6.57,7.51,3720188.0,52200,39500.0,96,True,3,3,2,151,1,8.0,L,1
3483,0.0,0.43,3286385.0,13300,7600.0,6,True,1,0,1,21,0,2.5,L,1
17033,11.12,30.97,6406806.0,37,32.0,0,False,0,0,0,0,0,11.0,U,0
4252,0.24,14.72,3286653.0,900,900.0,14,True,1,0,1,29,0,15.5,U,0
6205,0.0,0.48,12313557.0,10100,11600.0,49,True,3,0,5,104,1,20.0,U,0
4606,4.03,5.02,7241582.0,8800,5400.0,9,True,1,1,1,29,0,4.0,U,0
17042,111.32,111.53,12032517.0,330,370.0,0,False,0,0,0,0,0,18.0,U,0
4384,1.39,2.54,7911383.0,6700,4400.0,11,True,2,1,3,51,0,5.0,U,0
7200,34.35,35.01,4697211.0,24500,25700.0,11,True,1,0,0,21,0,16.5,L,1
4763,57.32,62.16,3287061.0,1600,1500.0,4,True,3,2,0,44,0,13.0,U,0
4016,50.57,51.2,5156095.0,2700,2300.0,2,True,0,0,0,2,0,11.0,U,0
5409,0.0,0.21,3287325.0,29400,26400.0,58,True,4,2,3,123,1,12.0,L,1
4640,3.8,4.69,4691868.0,9400,5400.0,9,True,0,0,1,14,0,2.5,U,0
4378,0.0,17.2,3286673.0,2600,2700.0,21,True,6,0,0,81,1,16.0,U,0
6215,0.0,0.64,3287862.0,14100,8100.0,88,True,2,2,11,173,1,2.5,L,1
7200,27.91,29.49,4917595.0,13000,10500.0,10,True,0,0,0,10,0,9.5,L,1
4489,10.72,10.85,3286783.0,33900,19600.0,24,True,1,0,2,44,0,2.5,L,1
4240,40.54,50.79,7581848.0,1800,1900.0,12,True,2,0,0,32,0,16.5,U,0
6303,5.6,5.82,3287883.0,2300,1450.0,3,True,0,0,1,8,0,3.5,L,1
3686,0.0,17.97,4695937.0,480,600.0,7,True,1,0,1,22,0,21.0,U,0
4640,17.34,20.81,5088193.0,4700,3800.0,23,True,0,1,2,38,0,9.0,U,0
7500,69.67,106.75,7682768.0,550,750.0,6,True,2,1,0,31,0,25.5,U,0
4500,24.81,26.02,3286842.0,16900,19400.0,8,True,1,0,0,18,0,19.5,L,1
4240,35.23,40.54,3286637.0,2400,2500.0,10,True,2,0,1,35,0,15.5,U,0
6215,1.54,2.26,4751086.0,17700,10900.0,53,True,3,0,9,128,1,3.5,L,1
8640,14.95,44.42,3288402.0,370,430.0,4,True,1,0,0,14,0,19.0,U,0
5419,0.62,1.03,3713970.0,7900,12900.0,11,True,1,0,1,26,0,34.0,U,0
3861,0.0,0.87,3286510.0,2400,2700.0,2,True,0,0,0,2,0,18.5,U,0
4120,0.64,8.54,3286596.0,550,410.0,0,False,0,0,0,0,0,7.5,U,0
6149,1.46,1.83,3287734.0,11800,6600.0,39,True,0,0,11,94,1,2.0,U,0
8480,0.34,6.04,3288383.0,800,850.0,1,True,1,1,1,21,0,16.5,U,0
5610,6.02,6.32,9221349.0,18400,11000.0,18,True,0,0,0,18,0,3.5,L,1
4003,37.0,37.68,3286534.0,1800,1500.0,2,True,0,0,1,7,0,10.0,U,0
4141,0.3,1.01,3286618.0,2700,1500.0,5,True,0,0,0,5,0,1.5,U,0
8000,107.26,108.47,3288299.0,4400,5100.0,2,True,0,0,0,2,0,19.5,U,0
5610,10.1,10.25,11241315.0,14600,8600.0,26,True,2,0,4,66,0,3.0,L,1
4882,41.39,54.82,6401742.0,320,330.0,6,True,2,0,0,26,0,15.5,U,0
3400,306.9,307.65,3286377.0,1200,1500.0,0,False,0,0,0,0,0,22.5,U,0
4495,29.15,30.48,6411534.0,8000,5300.0,8,True,1,1,0,23,0,5.0,U,0
7766,0.0,115.34,3288277.0,260,480.0,7,True,1,0,1,22,0,38.5,U,0
5409,7.14,7.61,4428047.0,13500,8300.0,49,True,0,2,3,74,1,3.5,U,0
5600,0.0,0.49,6077822.0,11400,7100.0,13,True,0,0,1,18,0,4.0,U,0
3160,176.78,178.46,12188017.0,7600,7900.0,12,True,1,0,3,37,0,16.0,U,0
1503,4.21,9.58,7304666.0,400,600.0,0,False,0,0,0,0,0,30.0,U,0
4015,48.78,75.1,3286571.0,440,370.0,5,True,0,0,0,5,0,10.0,U,0
16000,0.0,151.93,7913384.0,15,14.0,1,True,1,0,0,11,0,13.5,U,0
6726,3.7,4.86,4695744.0,12100,6900.0,18,True,2,0,1,43,0,2.5,L,1
84870,0.0,0.81,13128148.0,1100,1200.0,3,True,1,0,1,18,0,16.5,U,0
7623,3.08,3.7,13133663.0,13400,7900.0,17,True,0,0,2,27,0,3.0,U,0
5300,21.9,23.08,13036370.0,64500,68200.0,16,True,0,1,0,21,0,16.5,L,1
53211,0.0,0.46,11267158.0,1200,1100.0,4,True,0,0,0,4,0,12.5,U,0
2000,480.25,481.33,3286178.0,1400,1800.0,0,False,0,0,0,0,0,23.5,U,0
53213,0.0,0.44,11267160.0,3000,2800.0,8,True,0,0,0,8,0,12.5,U,0
10009,0.0,239.43,6231995.0,18,18.0,2,True,0,0,0,2,0,16.5,U,0
5642,0.0,1.44,3287427.0,15200,10900.0,83,True,2,2,4,133,1,6.5,U,0
5036,11.78,16.26,3287140.0,1100,1000.0,15,True,0,2,1,30,0,12.5,U,0
2200,375.14,387.24,3286209.0,2000,1800.0,5,True,0,1,0,10,0,12.0,U,0
13009,1.94,155.97,6234403.0,60,75.0,4,True,0,0,0,4,0,23.5,U,0
2424,0.0,0.09,12886504.0,9900,5800.0,4,True,0,0,0,4,0,3.0,U,0
5633,1.22,1.5,12229256.0,26500,18000.0,27,True,0,1,2,42,0,5.5,L,1
5218,12.25,13.55,3287239.0,29300,19800.0,55,True,1,1,3,85,1,5.5,L,1
10039,0.0,189.31,6234405.0,65,65.0,4,True,2,0,2,34,0,14.0,U,0
8166,5.41,7.18,5151506.0,480,480.0,0,False,0,0,0,0,0,14.5,U,0
5627,0.13,1.23,7392195.0,9800,7400.0,34,True,1,3,5,84,1,8.0,L,1
5215,0.46,1.04,3287216.0,15600,10400.0,70,True,0,2,4,100,1,5.5,L,1
62040,1.49,2.35,13149523.0,12600,9100.0,53,True,0,0,1,58,0,6.5,U,0
19003,0.0,23.58,12878065.0,4,3.0,0,False,0,0,0,0,0,0.0,U,0
3840,1.29,30.29,3286496.0,430,430.0,9,True,0,1,0,14,0,15.0,U,0
4640,20.81,29.53,4327476.0,4800,3900.0,40,True,1,1,5,80,1,9.5,U,0
6185,0.0,0.55,3287741.0,40000,24100.0,75,True,2,2,7,140,1,3.5,L,1
28009,0.0,38.28,3288479.0,210,440.0,0,False,0,0,0,0,0,47.5,U,0
4621,0.0,1.17,3286943.0,5100,3400.0,7,True,0,0,0,7,0,5.5,U,0
6203,33.94,35.11,3287830.0,24700,14200.0,60,True,6,5,7,180,1,2.5,L,1
41268,0.0,12.26,7529760.0,850,850.0,4,True,2,0,0,24,0,15.5,U,0
54033,0.0,3.08,3714426.0,3300,3700.0,13,True,2,1,0,38,0,18.0,U,0
6203,9.38,10.46,4428226.0,47100,42300.0,258,True,5,6,10,388,1,12.0,L,1
7200,241.8,242.09,6109222.0,5200,5100.0,6,True,0,0,2,16,0,14.5,U,0
4640,65.06,68.54,13136344.0,4900,4400.0,5,True,0,0,0,5,0,12.0,U,0
7200,246.89,255.75,6099279.0,2400,4200.0,8,True,1,0,0,18,0,37.5,U,0
4500,29.11,29.76,12623784.0,15300,17400.0,0,False,0,0,0,0,0,19.0,L,1
43612,2.26,2.42,3288492.0,4500,3900.0,5,True,0,0,0,5,0,11.0,U,0
4396,1.93,2.78,3286705.0,19200,12900.0,24,True,0,1,1,34,0,5.0,U,0
6222,0.0,0.33,3287869.0,3700,2400.0,31,True,1,0,1,46,0,5.0,U,0
5418,1.9,2.09,4747896.0,27700,26500.0,51,True,0,1,2,66,0,13.5,L,1
4643,3.17,4.81,4754848.0,2700,1800.0,2,True,0,0,0,2,0,4.5,U,0
43608,1.03,1.14,12110835.0,260,310.0,0,False,0,0,0,0,0,21.0,U,0
4390,16.88,17.22,11258604.0,5200,3600.0,1,True,0,0,0,1,0,6.0,U,0
53311,0.0,0.43,13036584.0,12700,9100.0,8,True,0,0,0,8,0,6.5,U,0
3500,297.79,299.02,13646849.0,24300,19600.0,150,True,4,4,6,240,1,9.0,L,1
4646,4.7,5.43,13636684.0,10000,6300.0,3,True,0,0,1,8,0,4.0,U,0
4643,26.37,26.97,5156393.0,1400,1200.0,0,False,0,0,0,0,0,11.5,U,0
6203,5.48,7.11,12872464.0,86300,83000.0,110,True,3,2,4,170,1,14.0,L,1
4643,21.69,26.37,4693814.0,1000,900.0,12,True,1,2,1,37,0,12.0,U,0
6203,13.35,14.06,11416929.0,39400,32400.0,32,True,1,1,2,57,0,9.5,L,1
4561,0.0,0.51,3286912.0,700,700.0,2,True,0,0,0,2,0,15.5,U,0
5648,0.0,0.18,3287432.0,2200,1400.0,11,True,1,1,2,36,0,3.5,U,0
6124,0.0,0.56,13146973.0,11200,6100.0,75,True,1,2,9,140,1,1.5,U,0
6155,0.55,1.11,11240827.0,21800,14000.0,98,True,5,2,15,233,1,4.5,L,1
4555,0.0,0.59,12623777.0,3600,3300.0,4,True,0,0,0,4,0,13.0,U,0
6604,12.25,16.67,3288019.0,28500,19400.0,104,True,6,4,5,209,1,5.5,L,1
5860,0.83,1.41,3287596.0,25700,16500.0,7,True,0,1,1,17,0,4.5,L,1
72000,13.04,14.71,6090662.0,8800,5600.0,4,True,0,0,1,9,0,4.5,U,0
7700,14.67,44.32,5153782.0,1000,1500.0,8,True,0,0,0,8,0,30.0,U,0
5404,3.29,5.05,3287300.0,11500,6700.0,84,True,5,5,4,179,1,3.0,U,0
3332,13.78,22.89,3286365.0,480,600.0,3,True,2,0,0,23,0,23.0,U,0
6726,1.37,2.53,4695738.0,24100,13600.0,44,True,1,3,1,74,1,2.0,L,1
47666,0.0,0.5,12064316.0,700,500.0,0,False,0,0,0,0,0,7.0,U,0
5402,0.8,1.08,7759846.0,32200,22300.0,33,True,2,1,3,73,1,6.0,L,1
3323,0.0,7.93,3286347.0,200,180.0,1,True,0,0,0,1,0,13.0,U,0
6191,5.44,6.18,3287766.0,30600,17800.0,31,True,0,2,4,61,0,3.0,U,0
88206,15.73,22.68,3288545.0,200,190.0,5,True,1,1,0,20,0,13.5,U,0
53201,0.0,0.5,11264524.0,1400,1200.0,1,True,0,0,0,1,0,11.5,U,0
3329,26.74,43.79,3286356.0,850,1000.0,4,True,2,0,0,24,0,20.0,U,0
5627,5.6,5.97,7392192.0,11900,7800.0,70,True,2,0,1,95,1,5.0,L,1
10060,164.97,176.7,12113616.0,110,75.0,1,True,1,0,0,11,0,5.5,U,0
4763,11.56,14.94,3287055.0,10700,8100.0,40,True,4,5,3,120,1,8.0,L,1
8000,149.35,157.3,5152639.0,3400,4900.0,9,True,0,0,0,9,0,28.0,U,0
6033,5.16,5.83,4693692.0,37000,27200.0,90,True,2,3,4,145,1,7.5,L,1
5206,0.0,0.86,3287200.0,8500,5500.0,8,True,1,1,0,23,0,4.5,U,0
62031,1.09,1.5,12878145.0,24400,17700.0,45,True,3,0,2,85,1,7.0,U,0
6009,0.78,1.64,4748646.0,20000,11800.0,49,True,2,4,4,109,1,3.0,L,1
6039,6.57,7.89,4693720.0,2600,1600.0,10,True,3,0,3,55,0,3.5,U,0
5218,7.38,8.21,3287232.0,35400,30500.0,111,True,1,1,3,141,1,11.0,L,1
6467,4.98,5.16,3287944.0,22800,13400.0,62,True,0,0,6,92,1,3.0,U,0
3400,361.36,362.12,3286381.0,2200,2500.0,1,True,0,0,0,1,0,18.0,U,0
6021,24.64,28.48,4689910.0,1200,950.0,12,True,2,1,3,52,0,8.5,U,0
6464,0.83,1.65,3287931.0,22100,12600.0,67,True,3,4,1,122,1,2.5,L,1
64001,0.0,0.15,13441004.0,6800,4300.0,5,True,0,0,0,5,0,4.0,L,1
5424,3.77,4.67,7189326.0,40700,46000.0,10,True,0,0,0,10,0,18.5,L,1
6012,3.74,4.13,3287635.0,32000,21700.0,99,True,4,1,5,169,1,5.5,L,1
2806,0.0,1.86,3286288.0,2700,3000.0,8,True,1,0,1,23,0,18.5,U,0
6580,0.0,0.11,3287945.0,8800,5500.0,16,True,1,1,5,56,0,4.0,U,0
67806,0.08,0.56,13115651.0,6000,3800.0,23,True,1,2,2,53,0,4.5,U,0
8823,36.94,37.53,3288439.0,7800,8000.0,15,True,3,1,1,55,0,15.5,U,0
5865,0.67,0.82,7923391.0,15100,8200.0,16,True,0,1,0,21,0,1.5,L,1
4500,46.43,54.66,3286844.0,17100,19400.0,3,True,0,0,0,3,0,18.5,L,1
6203,31.53,31.65,12841385.0,22200,13000.0,0,False,0,0,0,0,0,3.0,L,1
7387,0.0,9.17,3288228.0,700,1300.0,0,False,0,0,0,0,0,40.0,U,0
4505,0.0,0.61,3286858.0,6300,4100.0,6,True,1,1,2,31,0,5.0,U,0
6203,7.11,7.87,3287778.0,56300,55300.0,95,True,3,0,2,135,1,14.5,L,1
5644,1.39,1.9,12651225.0,15400,16100.0,53,True,1,0,0,63,0,16.0,U,0
7401,1.06,18.03,3288239.0,440,400.0,6,True,1,2,1,31,0,12.5,U,0
6000,1.67,2.18,4429216.0,15400,10000.0,21,True,2,1,5,71,0,5.0,U,0
6580,6.97,7.66,3287959.0,21900,13600.0,93,True,3,0,6,153,1,4.0,L,1
8829,16.81,30.84,3288451.0,1100,1800.0,7,True,2,1,0,32,0,33.5,U,0
4786,0.0,0.33,3287076.0,1200,950.0,4,True,0,2,0,14,0,10.0,U,0
2600,294.9,302.96,3286272.0,2200,2400.0,3,True,0,0,0,3,0,18.0,U,0
6592,1.3,2.0,3287975.0,12600,7800.0,47,True,1,1,2,72,1,4.0,U,0
7200,11.16,12.99,3288142.0,63400,38300.0,186,True,9,4,10,346,1,3.5,L,1
5648,6.75,7.07,3287447.0,47400,29600.0,17,True,1,0,0,27,0,4.0,L,1
7200,12.99,13.66,4778643.0,63700,38200.0,65,True,3,0,3,110,1,3.5,L,1
4384,25.36,26.11,5159259.0,8700,5700.0,11,True,1,0,0,21,0,5.0,U,0
5800,6.9,7.28,3713485.0,31800,26500.0,30,True,0,0,1,35,0,10.0,L,1
6449,2.01,2.42,4695713.0,3600,2000.0,7,True,0,0,0,7,0,2.0,U,0
6164,1.15,1.3,13147045.0,19500,11800.0,18,True,3,1,6,83,1,3.5,L,1
4585,0.0,0.19,5155191.0,410,260.0,3,True,1,0,0,13,0,3.5,U,0
4006,15.56,15.71,3286544.0,1100,940.0,1,True,0,0,0,1,0,11.0,L,1
6158,0.0,0.5,11240763.0,20700,15800.0,80,True,1,1,13,160,1,8.0,L,1
8400,300.43,301.01,3288355.0,1600,1900.0,1,True,1,0,1,16,0,21.5,U,0
5610,8.15,8.64,11241295.0,22000,17500.0,72,True,3,3,10,167,1,9.5,L,1
4009,115.93,120.57,3286554.0,900,750.0,2,True,0,0,0,2,0,10.0,U,0
4760,43.21,45.6,3287044.0,8400,8800.0,22,True,5,2,0,82,1,16.5,U,0
6170,0.47,0.63,11240733.0,22400,13700.0,27,True,0,0,5,52,0,4.0,U,0
7173,0.0,10.69,7215963.0,550,390.0,6,True,1,0,1,21,0,5.5,U,0
4489,39.44,41.24,3286802.0,2900,2000.0,10,True,2,0,0,30,0,5.5,U,0
6185,3.83,4.67,3287754.0,36000,20400.0,75,True,2,1,9,145,1,2.5,L,1
6443,0.36,0.8,3287890.0,27000,15300.0,12,True,0,1,1,22,0,2.5,L,1
7500,106.75,107.4,3288243.0,1400,1800.0,0,False,0,0,0,0,0,23.5,U,0
4513,8.66,9.68,5118057.0,7200,5300.0,2,True,0,0,0,2,0,7.0,U,0
4381,0.0,21.13,3286674.0,2000,2300.0,12,True,0,0,0,12,0,19.0,U,0
6203,37.63,40.15,13426247.0,15900,10100.0,51,True,6,1,2,126,1,4.0,L,1
6215,3.09,3.92,4918118.0,25700,15500.0,75,True,6,1,8,180,1,3.5,L,1
8640,44.42,49.96,3288403.0,550,650.0,1,True,0,0,0,1,0,18.0,U,0
5419,1.03,2.25,3713986.0,8300,12900.0,23,True,1,0,1,38,0,31.5,U,0
2200,165.29,231.67,3286205.0,330,420.0,4,True,1,0,0,14,0,22.5,U,0
43612,4.98,5.57,12896993.0,6400,5100.0,20,True,1,1,1,40,0,9.5,U,0
13012,0.0,50.22,6232005.0,23,26.0,1,True,1,0,1,16,0,17.5,U,0
5616,1.26,1.69,11235452.0,14400,8600.0,35,True,1,0,6,75,1,3.0,U,0
5000,12.0,12.36,11268019.0,14600,10100.0,11,True,1,0,0,21,0,6.0,U,0
2200,96.69,103.81,3286200.0,800,900.0,0,False,0,0,0,0,0,19.0,U,0
47600,0.0,5.18,3288519.0,1000,750.0,6,True,0,0,0,6,0,7.5,U,0
15001,0.0,0.72,3288459.0,2000,1900.0,0,False,0,0,0,0,0,13.0,U,0
5630,0.43,1.31,9221344.0,11000,7500.0,36,True,2,1,6,91,1,5.5,L,1
3003,1.04,33.49,3286302.0,250,300.0,3,True,1,0,1,18,0,20.0,U,0
6586,0.0,0.2,3287963.0,8700,4900.0,4,True,0,0,1,9,0,2.0,L,1
8832,1.78,4.41,3288454.0,4400,4500.0,13,True,0,0,0,13,0,16.0,U,0
2430,0.19,0.55,3286246.0,11100,6000.0,15,True,1,0,3,40,0,1.5,L,1
7200,3.5,4.23,7825199.0,44000,29100.0,32,True,2,2,1,67,0,5.0,L,1
5803,2.14,2.65,4747970.0,6300,3400.0,6,True,0,0,4,26,0,1.5,U,0
7200,62.08,64.09,3288185.0,6600,9200.0,17,True,1,2,1,42,0,27.5,U,0
4159,0.0,0.19,3286630.0,2000,1100.0,2,True,0,0,0,2,0,2.0,U,0
5800,6.5,6.9,7688906.0,30300,25100.0,16,True,0,0,2,26,0,10.0,L,1
7200,2.85,3.07,3288129.0,37300,25000.0,50,True,1,0,2,70,0,5.5,L,1
4159,0.19,0.94,3286631.0,1900,1100.0,4,True,0,0,0,4,0,2.5,U,0
5800,4.55,5.42,3713472.0,25500,21700.0,37,True,2,1,2,72,1,10.5,L,1
7200,16.69,17.17,3288153.0,52100,31600.0,100,True,3,5,2,165,1,3.5,L,1
4489,10.85,12.01,4451114.0,20300,13200.0,31,True,3,1,2,76,1,4.5,L,1
4240,50.79,66.01,7581849.0,2000,2200.0,11,True,2,0,0,31,0,17.5,U,0
6303,0.0,3.15,3287880.0,950,600.0,56,True,4,4,1,121,1,4.0,U,0
4592,0.0,0.77,4692913.0,150,120.0,2,True,0,0,0,2,0,8.5,U,0
7200,68.17,74.62,12601613.0,4500,7000.0,13,True,2,1,1,43,0,31.0,U,0
7200,218.7,228.16,6096420.0,4300,6300.0,16,True,1,0,0,26,0,28.0,U,0
4489,9.58,10.15,4748478.0,25600,14800.0,73,True,1,1,5,113,1,2.5,L,1
4360,0.88,4.24,3286656.0,3400,2800.0,8,True,2,1,0,33,0,10.5,U,0
6300,1.25,3.47,5156365.0,1300,850.0,6,True,1,0,1,21,0,4.5,U,0
7170,36.56,36.71,12897220.0,650,650.0,3,True,0,0,0,3,0,15.5,U,0
4489,41.24,45.7,3286803.0,3300,2200.0,15,True,6,0,4,95,1,5.0,U,0
4384,2.54,7.42,3286679.0,6100,5400.0,7,True,1,1,1,27,0,11.5,U,0
6212,2.48,4.41,3287852.0,44100,26400.0,209,True,12,10,23,494,1,3.0,L,1
5409,1.77,3.42,3712686.0,29600,19800.0,168,True,6,5,5,278,1,5.5,L,1
4600,5.87,6.04,4428326.0,7100,4200.0,5,True,1,0,1,20,0,3.0,U,0
7200,18.21,21.15,4779967.0,46400,27600.0,208,True,5,9,8,343,1,3.0,L,1
4515,47.17,56.98,3286883.0,1300,1200.0,18,True,5,0,3,83,1,13.0,U,0
20069,0.0,8.57,12878059.0,18,12.0,0,False,0,0,0,0,0,5.5,U,0
4366,0.0,10.19,3286662.0,1100,1000.0,5,True,1,1,0,20,0,12.5,U,0
6205,0.48,1.07,12313558.0,15500,15900.0,54,True,3,1,3,104,1,15.5,U,0
7263,27.59,54.62,11940231.0,300,250.0,5,True,0,0,1,10,0,10.5,U,0
4500,70.83,72.8,3286848.0,10100,14200.0,9,True,1,0,0,19,0,26.5,U,0
4400,0.0,0.2,3286709.0,5500,4700.0,2,True,0,0,0,2,0,11.0,U,0
6300,3.47,5.3,5156366.0,2000,1200.0,9,True,1,0,2,29,0,4.0,U,0
3692,0.0,34.36,3286493.0,500,600.0,9,True,1,0,0,19,0,22.0,U,0
7200,240.8,241.01,7690104.0,10700,8200.0,7,True,0,0,0,7,0,8.0,L,1
4513,0.0,1.48,3286862.0,2900,2300.0,5,True,0,0,1,10,0,9.5,U,0
4393,0.0,0.47,3286699.0,1200,1000.0,13,True,1,0,0,23,0,11.0,U,0
6206,1.43,1.58,4749901.0,25100,16500.0,42,True,3,1,2,87,1,5.0,L,1
5415,0.0,0.55,3714046.0,6000,7800.0,18,True,0,0,0,18,0,23.5,U,0
4682,0.0,1.02,3289537.0,2700,2600.0,5,True,1,0,0,15,0,14.0,U,0
7266,0.0,25.36,3288220.0,490,900.0,7,True,1,0,0,17,0,39.0,U,0
4515,2.88,3.51,5156225.0,5200,3400.0,2,True,1,0,1,17,0,5.0,U,0
4390,14.86,16.88,11251189.0,3600,2700.0,3,True,0,0,0,3,0,8.0,U,0
5000,12.36,12.93,11251188.0,15600,10000.0,17,True,0,0,1,22,0,4.5,U,0
12000,104.05,154.08,6234654.0,190,380.0,1,True,0,0,1,6,0,44.5,U,0
5857,0.81,1.15,3287593.0,22700,13900.0,54,True,2,1,5,104,1,3.5,L,1
8000,209.43,210.58,12987503.0,17200,10300.0,39,True,1,1,1,59,0,3.5,L,1
5630,3.22,3.38,11241630.0,21400,12800.0,50,True,1,1,8,105,1,3.5,U,0
5218,17.19,17.65,3287250.0,25600,14500.0,29,True,0,1,2,44,0,2.5,L,1
62039,1.58,2.24,12878039.0,8600,5900.0,33,True,0,0,1,38,0,6.0,U,0
13000,190.11,213.08,6231826.0,33,29.0,1,True,0,0,0,1,0,12.0,U,0
6604,4.79,6.03,3288004.0,35200,22300.0,99,True,5,3,6,194,1,4.5,L,1
6015,5.46,5.68,3287652.0,9800,5900.0,31,True,0,0,3,46,0,3.5,U,0
8166,7.18,25.63,6236148.0,270,270.0,3,True,0,0,0,3,0,15.0,U,0
6021,30.77,31.23,5157697.0,1900,2100.0,4,True,0,0,0,4,0,18.0,U,0
5212,0.37,0.6,3287211.0,16100,9300.0,82,True,0,2,2,102,1,2.5,L,1
6464,5.79,6.62,4428187.0,18400,11000.0,41,True,3,1,2,86,1,3.5,L,1
17078,0.0,3.54,3288468.0,250,270.0,0,False,0,0,0,0,0,17.5,U,0
4360,18.76,31.02,3286659.0,5500,4700.0,29,True,3,2,3,84,1,11.0,U,0
6303,3.15,4.85,3287881.0,1500,1100.0,13,True,3,0,4,63,0,6.5,U,0
8489,0.74,17.53,3288395.0,340,450.0,1,True,1,0,0,11,0,25.0,U,0
5403,0.0,1.15,12630836.0,15100,9300.0,46,True,1,1,2,71,0,3.5,U,0
4640,0.0,0.5,4691866.0,16400,9400.0,77,True,1,0,7,122,1,2.5,U,0
17042,43.38,60.45,5154692.0,250,270.0,3,True,3,0,3,48,0,17.0,U,0
4144,0.0,0.84,3286626.0,550,600.0,3,True,0,0,0,3,0,17.5,U,0
3683,31.06,31.3,3286484.0,1100,1200.0,0,False,0,0,0,0,0,17.5,L,1
4640,15.36,17.34,5088192.0,6200,4800.0,17,True,0,1,2,32,0,8.0,U,0
4495,25.38,27.77,4450914.0,8500,8000.0,16,True,1,0,1,31,0,13.0,U,0
35001,0.0,1.34,13403704.0,3000,3700.0,3,True,0,0,0,3,0,21.5,U,0
53306,0.28,0.67,13001647.0,11800,13100.0,40,True,3,1,1,80,1,18.0,U,0
8640,2.1,12.61,6411386.0,1600,1800.0,8,True,1,1,0,23,0,18.0,U,0
3840,30.29,30.58,5155802.0,1100,1100.0,0,False,0,0,0,0,0,16.5,U,0
4640,31.13,32.33,4693806.0,4900,4400.0,13,True,0,1,1,23,0,12.0,U,0
28016,0.0,22.3,3288480.0,400,550.0,5,True,2,0,1,30,0,25.0,U,0
4159,5.83,20.96,13640036.0,420,410.0,5,True,1,0,0,15,0,14.5,U,0
6215,5.56,6.18,3856870.0,30300,19000.0,57,True,0,1,4,82,1,4.0,L,1
8646,14.72,21.59,3288408.0,1400,1300.0,1,True,0,0,0,1,0,11.5,U,0
3580,2.13,2.74,7213602.0,850,850.0,0,False,0,0,0,0,0,15.5,U,0
4621,12.34,14.1,5088199.0,2000,1800.0,5,True,1,0,1,20,0,11.0,U,0
40009,0.0,2.85,3288486.0,85,70.0,0,False,0,0,0,0,0,10.5,U,0
4401,0.0,0.11,3286711.0,4900,4200.0,2,True,1,0,0,12,0,11.0,U,0
53310,0.74,1.26,13036586.0,7100,6800.0,1,True,0,0,0,1,0,14.0,U,0
3500,285.95,287.08,3286457.0,16300,17400.0,45,True,4,1,1,95,1,17.0,L,1
4682,48.33,50.49,3289544.0,440,600.0,3,True,0,0,0,3,0,25.0,U,0
6203,21.63,21.87,13146583.0,12800,8000.0,1,True,0,0,0,1,0,4.0,L,1
4655,0.97,6.08,3287012.0,6500,4400.0,24,True,5,2,0,84,1,5.5,U,0
6203,26.66,29.46,3287819.0,20000,11900.0,52,True,7,2,5,157,1,3.0,L,1
6203,17.09,18.17,4055406.0,48500,37500.0,202,True,5,7,10,337,1,8.0,L,1
6203,21.87,22.48,4210388.0,37800,22300.0,55,True,0,2,5,90,1,3.0,L,1
4500,13.19,14.27,11244348.0,46500,39200.0,19,True,0,0,1,24,0,10.5,L,1
6452,0.0,0.1,4450736.0,5800,3600.0,10,True,0,1,1,20,0,4.0,U,0
3500,268.73,281.29,7331222.0,18600,22200.0,143,True,17,5,2,348,1,20.5,L,1
4646,1.71,1.86,7394116.0,26000,15800.0,5,True,0,0,0,5,0,3.5,L,1
7015,0.0,6.55,3288094.0,950,1200.0,8,True,3,0,2,48,0,22.0,U,0
4009,25.09,27.02,3286547.0,2000,2200.0,1,True,0,0,0,1,0,19.0,U,0
4646,1.86,2.14,7394124.0,26000,15800.0,18,True,0,0,2,28,0,3.5,U,0
8400,50.1,50.96,3288347.0,3300,3900.0,2,True,1,0,1,17,0,19.5,U,0
4664,19.89,20.8,6400603.0,3600,2900.0,21,True,1,2,0,41,0,9.5,U,0
6126,0.56,1.11,11235443.0,8100,4800.0,40,True,3,1,9,120,1,3.0,U,0
4412,0.55,0.78,3286724.0,1400,1400.0,6,True,1,0,1,21,0,15.0,U,0
6164,1.45,1.6,11241569.0,16100,9500.0,15,True,0,0,4,35,0,3.0,L,1
4541,0.0,0.81,3286904.0,1700,1200.0,4,True,0,0,1,9,0,5.5,U,0
4480,18.25,26.38,5204974.0,1500,1400.0,6,True,1,0,0,16,0,13.5,U,0
6164,1.3,1.45,13147047.0,17500,10300.0,23,True,3,0,7,88,1,3.0,L,1
5612,5.85,6.32,4747922.0,32100,20300.0,62,True,4,1,5,132,1,4.0,L,1
5218,20.17,20.42,3287256.0,5700,3700.0,9,True,0,0,2,19,0,4.5,U,0
6167,0.48,0.63,11240726.0,5700,3200.0,14,True,1,0,6,54,0,2.0,U,0
5426,0.0,0.44,7189333.0,1300,1700.0,14,True,0,0,0,14,0,24.5,U,0
6461,0.0,0.61,3287914.0,20300,12700.0,37,True,2,0,3,72,1,4.0,U,0
5420,0.0,1.08,7188745.0,3000,5800.0,3,True,0,0,0,3,0,43.5,U,0
4652,14.09,23.1,3287006.0,2700,2900.0,9,True,0,0,0,9,0,17.0,U,0
3500,0.79,1.64,12018849.0,16100,16300.0,10,True,0,0,0,10,0,15.5,L,1
6015,0.0,0.65,3287647.0,22800,13000.0,85,True,3,2,7,160,1,2.5,L,1
8000,196.23,199.34,12993656.0,4500,5100.0,2,True,0,1,0,7,0,19.0,U,0
6122,0.56,1.11,11240774.0,6100,3400.0,44,True,1,0,7,89,1,2.0,U,0
5200,4.27,4.46,12324983.0,13900,9500.0,8,True,1,0,1,23,0,6.0,U,0
60006,0.63,0.69,13503023.0,280,160.0,1,True,0,0,0,1,0,2.0,U,0
3500,109.01,115.78,3286435.0,3000,4900.0,9,True,1,0,0,19,0,33.5,U,0
6009,2.27,3.31,4748661.0,15100,9000.0,41,True,0,3,5,81,1,3.0,L,1
62040,1.06,1.49,13149364.0,13800,9300.0,48,True,1,0,2,68,0,5.5,U,0
67803,0.0,0.62,13115605.0,10800,7900.0,23,True,0,1,3,43,0,7.0,U,0
6000,2.18,2.5,3287608.0,15900,10300.0,7,True,0,0,0,7,0,4.5,L,1
2600,316.76,317.26,3286278.0,7700,5200.0,22,True,1,1,3,52,0,5.5,U,0
62040,0.68,1.06,13149363.0,4800,4000.0,19,True,1,0,1,34,0,10.0,U,0
63005,0.0,0.64,4473583.0,390,290.0,2,True,0,1,1,12,0,7.5,U,0
8667,6.9,9.7,3288431.0,430,420.0,3,True,0,0,0,3,0,14.0,U,0
8400,358.65,361.63,3288380.0,1600,2100.0,2,True,0,0,0,2,0,24.5,U,0
5865,0.14,0.36,7923388.0,15100,8200.0,9,True,0,0,1,14,0,1.5,L,1
3006,66.33,66.85,3286307.0,1700,1900.0,0,False,0,0,0,0,0,19.0,U,0
3500,209.02,211.11,13403667.0,9500,12000.0,14,True,2,1,0,39,0,23.0,L,1
8670,0.0,18.57,3288432.0,200,280.0,4,True,1,0,0,14,0,25.0,U,0
6780,17.04,17.78,5101557.0,40700,36300.0,13,True,1,1,3,43,0,12.0,L,1
3680,28.92,46.35,3286480.0,800,750.0,7,True,0,0,0,7,0,14.0,U,0
4682,14.74,17.02,5153454.0,1200,1200.0,1,True,0,0,0,1,0,15.0,U,0
6204,0.0,0.47,12313285.0,12100,13700.0,17,True,1,0,2,37,0,19.0,U,0
40006,0.0,6.05,3288485.0,250,210.0,2,True,0,0,0,2,0,11.0,U,0
56303,0.32,0.41,11235433.0,10600,5900.0,44,True,1,0,1,59,0,2.0,U,0
4643,16.71,16.83,5156391.0,3600,2100.0,3,True,0,0,0,3,0,3.0,U,0
6203,8.76,8.93,4397516.0,67500,56200.0,21,True,1,0,0,31,0,10.0,L,1
6203,33.38,33.94,4696141.0,22800,13400.0,26,True,1,2,1,51,0,3.0,L,1
7200,241.62,241.79,7690108.0,12000,9000.0,5,True,1,0,1,20,0,8.0,L,1
4515,1.32,2.04,5156244.0,8600,5600.0,6,True,0,0,0,6,0,4.5,U,0
6203,19.67,19.86,13112507.0,14800,10500.0,16,True,1,1,1,36,0,6.5,L,1
4515,19.22,19.62,12899936.0,8200,5300.0,5,True,0,0,1,10,0,5.0,U,0
6461,1.37,2.17,3874376.0,27700,16200.0,62,True,4,1,7,142,1,3.0,U,0
4586,0.0,0.21,5155190.0,120,90.0,2,True,1,0,0,12,0,8.5,U,0
6446,4.03,4.58,4450739.0,3000,1700.0,19,True,1,0,1,34,0,2.5,U,0
6792,0.0,0.84,12506832.0,12500,10200.0,24,True,2,2,1,59,0,9.5,U,0
6126,1.88,2.22,13147003.0,5000,2700.0,11,True,0,0,2,21,0,1.5,U,0
4003,56.84,57.68,6379807.0,1900,1700.0,0,False,0,0,0,0,0,11.0,U,0
4588,0.0,0.22,5155193.0,380,250.0,1,True,0,0,0,1,0,4.5,U,0
5648,4.37,4.72,3287441.0,41100,24900.0,27,True,0,1,0,32,0,3.5,L,1
8400,262.89,286.31,3288353.0,900,1100.0,7,True,3,1,1,47,0,23.5,U,0
7100,3.51,5.23,5153151.0,950,1200.0,1,True,0,0,0,1,0,24.0,U,0
3870,51.35,52.02,5153554.0,750,900.0,1,True,0,0,0,1,0,20.0,U,0
64001,0.19,0.29,13441008.0,4700,3200.0,17,True,0,2,1,32,0,5.5,L,1
4652,1.92,2.44,6393686.0,2200,2300.0,2,True,0,0,0,2,0,17.0,U,0
6164,0.65,0.82,11240656.0,20300,11300.0,26,True,1,1,4,61,0,2.0,L,1
4572,0.0,1.2,3286917.0,2800,2600.0,4,True,1,0,1,19,0,13.0,U,0
6446,2.31,3.79,4450737.0,4000,2500.0,36,True,1,0,4,66,0,4.0,U,0
7149,0.0,3.9,3288114.0,120,80.0,0,False,0,0,0,0,0,5.0,U,0
6126,1.11,1.67,11240788.0,8100,4900.0,49,True,3,2,8,129,1,3.5,U,0
4009,97.97,99.71,5154715.0,750,700.0,3,True,1,0,0,13,0,13.5,U,0
63005,3.0,4.43,7624723.0,320,250.0,3,True,0,0,1,8,0,9.0,L,1
6161,3.12,3.16,12384861.0,13800,7400.0,33,True,1,0,1,48,0,1.5,U,0
4583,0.0,0.62,3286919.0,1900,2200.0,3,True,0,0,0,3,0,19.5,U,0
6461,2.17,2.72,3287916.0,29600,17300.0,18,True,0,0,2,28,0,2.5,L,1
6866,6.94,7.09,13537179.0,12800,7600.0,12,True,1,1,1,32,0,3.0,U,0
4003,30.22,33.02,7620252.0,700,600.0,3,True,0,0,0,3,0,10.5,U,0
6149,1.03,1.46,3287733.0,9700,6100.0,41,True,3,0,5,96,1,4.5,L,1
4566,0.0,0.44,5155186.0,140,180.0,1,True,0,0,0,1,0,24.5,U,0
8400,358.46,358.65,3288379.0,1550,2100.0,0,False,0,0,0,0,0,25.0,L,1
4009,82.74,84.8,7900786.0,750,650.0,1,True,0,0,0,1,0,11.5,U,0
4123,0.0,0.9,3286598.0,1100,1000.0,0,False,0,0,0,0,0,12.0,U,0
8400,312.83,318.39,3288361.0,3100,3300.0,3,True,0,0,0,3,0,17.5,U,0
5432,0.0,0.54,7675385.0,4500,6500.0,24,True,2,0,2,54,0,28.0,L,1
3160,45.2,50.33,3286316.0,750,750.0,0,False,0,0,0,0,0,16.0,U,0
4009,120.57,121.36,3286555.0,1500,1200.0,0,False,0,0,0,0,0,10.0,U,0
4760,5.44,11.37,13646822.0,15800,11400.0,34,True,3,1,3,84,1,7.0,U,0
3867,13.96,33.44,3286516.0,230,230.0,3,True,0,0,0,3,0,15.0,U,0
6146,0.0,0.67,3287723.0,23600,12900.0,75,True,3,2,6,145,1,1.5,U,0
5422,0.0,0.32,7189343.0,1000,1600.0,7,True,0,0,0,7,0,32.0,U,0
5612,3.09,3.92,3713920.0,31800,19900.0,120,True,3,3,7,200,1,4.0,L,1
4769,1.13,1.19,13531363.0,4100,3200.0,11,True,0,0,0,11,0,8.5,U,0
4489,10.15,10.72,4748480.0,30300,16900.0,68,True,3,3,3,128,1,2.0,L,1
6152,0.0,0.12,11235435.0,10900,6200.0,11,True,0,0,2,21,0,2.5,U,0
8000,110.11,110.61,7686269.0,4100,3400.0,1,True,0,0,0,1,0,10.0,U,0
5612,4.74,5.85,3713928.0,31800,19800.0,174,True,7,2,13,319,1,4.0,L,1
4880,0.0,1.38,3287088.0,430,410.0,0,False,0,0,0,0,0,14.0,U,0
4015,45.89,46.26,3286565.0,3800,3700.0,5,True,1,0,2,25,0,14.0,L,1
6735,2.17,2.44,13426243.0,20500,11500.0,15,True,1,1,3,45,0,2.0,U,0
7506,0.0,0.2,4746144.0,10600,6200.0,18,True,0,0,0,18,0,2.5,U,0
5610,6.78,7.09,11241278.0,24700,15800.0,38,True,1,0,11,103,1,4.5,L,1
5045,0.54,2.52,9225190.0,23300,14000.0,96,True,3,3,8,181,1,3.0,U,0
5406,0.67,1.35,3287317.0,32100,22000.0,48,True,3,0,2,88,1,6.0,L,1
3163,84.85,85.34,6410657.0,550,600.0,0,False,0,0,0,0,0,17.5,U,0
4490,0.0,13.19,3286810.0,750,1000.0,10,True,2,0,1,35,0,24.0,U,0
6610,2.43,3.29,3288044.0,39600,23600.0,272,True,8,6,6,412,1,3.0,L,1
5860,0.0,0.83,3287594.0,21200,13500.0,51,True,2,1,2,86,1,4.5,U,0
3000,16.13,61.11,7210245.0,190,250.0,7,True,2,0,1,32,0,24.5,U,0
7200,81.91,122.71,3288188.0,4100,6900.0,24,True,2,0,0,44,0,34.0,U,0
2600,72.7,98.19,3286262.0,1000,1100.0,9,True,1,0,0,19,0,18.0,U,0
5648,5.22,6.75,3287445.0,41100,25500.0,49,True,2,1,3,89,1,4.0,L,1
6735,2.44,2.62,4695714.0,21800,12300.0,33,True,1,1,2,58,0,2.0,U,0
5827,9.55,10.46,3287527.0,18600,10200.0,25,True,2,1,8,90,1,1.5,L,1
7700,98.3,99.24,3288270.0,1000,1600.0,1,True,0,0,0,1,0,33.0,U,0
5406,0.0,0.67,3287315.0,31600,20800.0,50,True,2,3,4,105,1,5.0,L,1
3329,45.09,45.93,4714599.0,500,550.0,4,True,1,0,0,14,0,17.0,U,0
6780,0.9,1.13,13115672.0,47900,43400.0,6,True,0,0,0,6,0,12.5,L,1
5836,1.14,1.33,4346925.0,15600,8700.0,24,True,0,3,0,39,0,2.0,L,1
8000,43.2,44.46,3288295.0,1600,2500.0,3,True,1,0,0,13,0,31.5,U,0
5402,0.47,0.8,7759845.0,34200,23100.0,16,True,0,0,0,16,0,5.5,U,0
4552,0.0,0.61,3286909.0,2100,1500.0,17,True,0,0,0,17,0,6.5,U,0
8400,198.85,214.28,3288351.0,850,950.0,2,True,0,0,0,2,0,19.0,U,0
4004,8.19,11.67,3286537.0,650,550.0,1,True,0,0,0,1,0,11.0,U,0
4760,2.53,4.3,3287036.0,26800,18400.0,17,True,1,0,1,32,0,6.0,L,1
8480,45.33,69.31,3288385.0,75,75.0,1,True,0,0,0,1,0,14.5,U,0
5612,1.91,3.09,3713918.0,43200,28400.0,202,True,4,3,10,307,1,5.0,L,1
2606,64.77,68.57,3286283.0,260,250.0,0,False,0,0,0,0,0,14.5,U,0
3870,28.99,29.87,3286519.0,600,700.0,0,False,0,0,0,0,0,18.5,U,0
4126,13.65,14.82,7900804.0,3900,4000.0,1,True,0,0,0,1,0,15.5,U,0
5648,10.16,10.71,3287454.0,74100,47600.0,67,True,3,0,5,122,1,4.5,L,1
5424,2.23,3.77,7189324.0,43900,51000.0,29,True,3,0,1,64,0,19.5,L,1
2600,316.51,316.76,3286276.0,14700,9200.0,17,True,1,0,2,37,0,4.0,L,1
1503,0.0,0.79,3286172.0,3800,4100.0,0,False,0,0,0,0,0,17.0,U,0
3870,0.0,24.58,3286518.0,200,250.0,2,True,0,0,0,2,0,22.0,U,0
4127,0.23,0.58,3286608.0,4100,4000.0,2,True,0,0,1,7,0,14.5,U,0
8400,112.16,195.22,6235826.0,1200,1400.0,35,True,3,2,1,80,1,19.0,U,0
3163,61.62,84.85,3286343.0,410,460.0,2,True,0,0,0,2,0,18.5,U,0
4412,0.0,0.55,3286723.0,3800,2200.0,15,True,0,0,2,25,0,3.0,U,0
3870,29.87,40.79,3286520.0,430,480.0,1,True,0,0,0,1,0,18.5,U,0
4760,16.9,24.74,3287040.0,14200,13800.0,54,True,6,6,0,144,1,14.0,U,0
5424,1.22,1.62,7923431.0,40700,44900.0,34,True,2,0,2,64,0,18.0,L,1
3400,243.39,276.73,3286374.0,650,950.0,4,True,1,0,0,14,0,29.0,U,0
7700,44.32,98.3,5153781.0,800,1300.0,21,True,1,1,0,36,0,35.0,U,0
5402,0.0,0.47,7759843.0,34200,23100.0,58,True,3,3,0,103,1,5.5,L,1
3329,79.5,91.71,3286360.0,650,800.0,4,True,0,0,0,4,0,21.5,U,0
4498,1.82,8.51,3286826.0,2200,1600.0,27,True,4,3,6,112,1,7.5,U,0
6726,2.53,3.12,4695740.0,19800,11000.0,24,True,3,1,1,64,0,2.0,L,1
5827,4.5,6.92,3287523.0,16200,9000.0,49,True,5,0,11,154,1,2.0,L,1
63000,4.87,6.11,4284287.0,4700,3100.0,4,True,0,0,0,4,0,5.5,U,0
3492,36.28,47.1,3286405.0,1000,1300.0,2,True,2,0,0,22,0,24.0,U,0
6613,0.0,0.82,3288050.0,14100,8400.0,31,True,0,1,1,41,0,3.5,U,0
2200,367.68,375.14,3286208.0,1300,1200.0,5,True,2,0,0,25,0,12.5,U,0
46421,0.0,0.18,3288517.0,3600,3100.0,3,True,0,0,0,3,0,11.0,U,0
3483,1.41,1.59,6402042.0,4100,2900.0,1,True,1,0,1,16,0,7.0,L,1
2000,575.06,621.47,3286185.0,500,1000.0,9,True,2,0,0,29,0,46.0,U,0
56011,0.0,0.22,12631658.0,4100,2500.0,25,True,0,2,1,40,0,3.5,U,0
15002,0.0,3.78,3288460.0,430,380.0,2,True,0,0,0,2,0,11.5,U,0
2406,0.0,89.82,3286222.0,130,130.0,3,True,0,0,0,3,0,15.5,U,0
13000,213.08,403.71,6231827.0,42,60.0,2,True,1,0,1,17,0,28.5,U,0
5630,3.87,3.93,13149024.0,22800,14200.0,7,True,0,0,0,7,0,4.0,L,1
5200,8.32,9.63,3717248.0,24600,14900.0,52,True,3,2,8,132,1,3.5,L,1
2000,925.56,949.69,3286192.0,2800,3900.0,14,True,3,0,0,44,0,27.0,U,0
8480,6.04,45.33,3288384.0,200,240.0,1,True,0,1,0,6,0,21.5,U,0
3329,45.93,75.13,3286358.0,650,750.0,9,True,0,1,0,14,0,20.0,U,0
1100,116.71,182.76,7689607.0,240,310.0,3,True,0,0,0,3,0,23.0,U,0
7506,11.14,23.98,6389322.0,1100,1000.0,6,True,0,2,0,16,0,13.5,U,0
3500,296.73,297.19,13647014.0,42400,35700.0,83,True,4,2,5,158,1,10.5,L,1
4640,44.66,60.13,4327477.0,1100,1100.0,14,True,4,0,4,74,1,14.5,U,0
4495,27.77,29.15,4693796.0,8000,6300.0,1,True,0,0,0,1,0,9.0,U,0
7506,0.2,2.21,7843678.0,10200,5900.0,30,True,1,2,5,75,1,2.5,U,0
5406,2.34,3.51,4714931.0,36500,23200.0,128,True,0,2,9,183,1,4.5,L,1
3160,178.46,180.87,12188018.0,5000,5100.0,6,True,0,0,0,6,0,15.0,U,0
4489,7.93,8.68,3286771.0,50600,28900.0,75,True,0,1,2,90,1,2.5,L,1
20048,7.17,22.79,12063553.0,70,75.0,3,True,0,0,0,3,0,15.5,U,0
6780,0.6,0.9,13115673.0,36700,35500.0,3,True,0,0,0,3,0,14.0,L,1
47662,0.0,0.39,12064314.0,600,390.0,3,True,1,0,0,13,0,4.5,U,0
5400,0.0,1.29,3287281.0,17200,10200.0,31,True,0,0,2,41,0,3.0,L,1
3163,86.39,86.99,5153402.0,800,1100.0,2,True,0,0,0,2,0,25.0,U,0
20025,0.0,9.42,12031871.0,65,160.0,0,False,0,0,0,0,0,57.0,U,0
1000,756.15,926.38,3286165.0,950,1700.0,38,True,3,0,0,68,0,37.0,U,0
44809,0.87,7.78,5156151.0,4600,3000.0,29,True,2,1,2,64,0,5.0,U,0
6185,4.67,5.48,4757225.0,32700,18900.0,103,True,3,1,12,198,1,2.5,L,1
44824,0.0,3.5,3288515.0,1500,1200.0,7,True,0,0,0,7,0,8.5,U,0
6202,0.99,1.5,7186988.0,6700,9500.0,38,True,0,0,1,43,0,27.0,U,0
5633,2.1,2.84,12229248.0,32500,20800.0,79,True,3,2,6,149,1,4.5,L,1
5036,3.18,3.67,3287136.0,10400,6000.0,12,True,0,1,0,17,0,3.0,U,0
53214,0.0,0.63,11267166.0,1200,1200.0,5,True,0,0,0,5,0,14.0,U,0
6021,30.48,30.77,4689912.0,3700,2700.0,6,True,1,0,1,21,0,7.0,U,0
5063,1.82,2.31,11615524.0,13400,10300.0,14,True,0,1,1,24,0,8.0,U,0
44830,0.15,0.75,13506544.0,1200,950.0,1,True,0,0,0,1,0,8.5,U,0
7700,140.15,146.16,5153742.0,850,1400.0,4,True,0,0,0,4,0,34.0,U,0
7800,125.7,161.56,3288282.0,3200,6400.0,17,True,1,0,2,37,0,44.0,U,0
5405,0.0,1.17,3287303.0,29300,17900.0,175,True,4,5,7,275,1,3.5,L,1
3326,0.0,0.54,3286351.0,960,920.0,0,False,0,0,0,0,0,14.0,L,1
6720,0.0,0.8,3288052.0,15800,11000.0,18,True,2,0,2,48,0,6.0,U,0
5851,0.0,0.09,3287574.0,7500,4800.0,20,True,1,0,7,65,0,4.5,U,0
8000,108.47,108.95,5152599.0,4400,4700.0,4,True,1,0,1,19,0,17.0,U,0
5405,5.98,6.18,3287313.0,19600,10800.0,38,True,0,1,0,43,0,2.0,L,1
3329,91.71,105.11,12102588.0,650,750.0,8,True,0,1,0,13,0,18.5,U,0
6780,1.76,1.78,13115665.0,46300,41200.0,19,True,0,1,3,39,0,11.5,L,1
2418,1.64,3.6,3286242.0,1300,1200.0,4,True,0,0,0,4,0,12.5,U,0
53303,0.0,0.63,13001643.0,850,1100.0,9,True,0,0,0,9,0,23.5,U,0
3497,4.29,4.47,6410526.0,2300,2500.0,1,True,0,0,0,1,0,18.5,U,0
2400,0.0,12.6,3286215.0,240,250.0,3,True,0,1,0,8,0,17.0,U,0
43612,6.51,6.63,3288494.0,7700,5600.0,1,True,0,0,0,1,0,7.0,U,0
11000,0.0,502.91,12325596.0,55,110.0,15,True,11,0,10,175,1,43.5,U,0
5639,5.88,5.9,12878324.0,29700,18400.0,24,True,0,0,3,39,0,4.0,L,1
13000,544.63,613.41,6231824.0,120,130.0,6,True,4,0,5,71,0,17.5,U,0
6033,1.04,2.43,4428127.0,33800,25400.0,137,True,5,0,3,202,1,7.5,L,1
5218,4.09,5.74,3287228.0,33200,30300.0,209,True,11,1,11,379,1,12.5,L,1
6780,17.78,20.58,5101558.0,45500,39400.0,46,True,3,2,2,96,1,11.0,L,1
8160,0.0,0.51,3288320.0,1600,1800.0,5,True,0,0,1,10,0,18.0,U,0
6124,1.11,1.67,11240785.0,13100,7200.0,39,True,1,1,8,94,1,1.5,U,0
5206,3.77,4.98,3287206.0,14800,8800.0,27,True,0,1,0,32,0,3.0,U,0
6467,3.65,4.98,12820765.0,31600,18300.0,56,True,3,2,1,101,1,2.5,U,0
6021,0.0,0.47,3287657.0,11300,7800.0,37,True,0,1,4,62,0,6.0,U,0
6024,3.29,4.1,4220414.0,12700,7900.0,50,True,3,1,5,110,1,4.0,U,0
5063,6.54,6.81,4714904.0,17100,11000.0,55,True,2,0,4,95,1,4.5,L,1
6580,0.11,0.15,6541227.0,10000,6400.0,11,True,1,0,3,36,0,4.5,U,0
5803,1.7,2.14,3287484.0,5600,3000.0,6,True,0,0,6,36,0,1.5,U,0
6012,4.13,4.54,3287637.0,27200,17500.0,56,True,1,0,3,81,1,4.5,L,1
6124,0.56,1.11,11240784.0,12600,7000.0,66,True,2,2,12,156,1,2.0,U,0
5206,1.04,2.05,3287202.0,17400,10900.0,17,True,0,0,0,17,0,4.0,L,1
6464,4.98,5.79,3287937.0,24400,14600.0,113,True,5,1,5,193,1,3.0,L,1
4384,0.0,0.55,3286678.0,13500,8700.0,27,True,1,0,2,47,0,4.5,U,0
6224,0.0,0.36,3287871.0,2600,1700.0,40,True,4,0,7,115,1,5.0,U,0
3580,2.74,37.93,3286476.0,250,370.0,6,True,2,1,1,36,0,30.0,U,0
4682,17.02,25.08,3289562.0,950,1100.0,2,True,0,0,0,2,0,19.0,U,0
40027,0.0,10.96,3288487.0,210,180.0,2,True,0,0,0,2,0,10.5,U,0
4384,28.11,28.78,7028247.0,8400,5100.0,5,True,0,0,1,10,0,3.5,U,0
6440,0.63,0.7,3287886.0,19600,11200.0,19,True,1,0,2,39,0,2.5,U,0
3855,30.94,32.2,3286507.0,1600,1700.0,0,False,0,0,0,0,0,16.5,U,0
4646,3.32,3.76,5156852.0,17100,10300.0,32,True,1,0,1,47,0,3.0,U,0
4384,29.38,32.96,3286683.0,7800,6800.0,8,True,3,0,1,43,0,11.0,U,0
3500,297.19,297.79,13646844.0,45200,38100.0,37,True,1,0,2,57,0,10.5,L,1
4652,0.0,1.05,3287002.0,1200,1200.0,1,True,0,0,0,1,0,14.0,U,0
6203,16.54,16.7,4752161.0,55500,41800.0,54,True,1,0,0,64,0,7.5,L,1
4673,13.88,14.36,13636923.0,2100,2200.0,0,False,0,0,0,0,0,15.5,U,0
6203,12.51,13.35,3287791.0,50000,39200.0,179,True,7,0,10,299,1,9.0,L,1
6140,0.0,0.65,3287706.0,16400,9700.0,82,True,1,1,2,107,1,3.0,L,1
7500,0.0,11.69,3288241.0,700,1000.0,1,True,0,0,0,1,0,27.0,U,0
4515,15.79,18.17,3286879.0,6500,5700.0,9,True,0,1,0,14,0,11.5,U,0
43607,10.63,10.75,12110834.0,490,600.0,0,False,0,0,0,0,0,20.5,U,0
6143,1.15,1.47,3287716.0,55300,33900.0,38,True,1,2,3,73,1,3.5,L,1
5639,3.7,5.54,3713369.0,19600,12400.0,80,True,2,1,8,145,1,4.0,L,1
5018,4.72,5.5,13404064.0,15900,10000.0,37,True,4,1,5,107,1,4.0,U,0
53221,0.0,0.46,11267171.0,1200,1100.0,6,True,0,0,1,11,0,11.5,U,0
10060,29.57,108.06,12113614.0,47,38.0,7,True,1,1,0,22,0,8.5,U,0
5845,3.97,4.66,4749942.0,20800,11500.0,21,True,0,1,1,31,0,2.0,U,0
8160,2.23,5.63,3288323.0,950,1100.0,2,True,0,0,0,2,0,20.0,U,0
5621,0.0,0.43,11235437.0,800,440.0,3,True,0,0,1,8,0,2.5,U,0
5045,0.0,0.45,3287147.0,21200,12000.0,100,True,2,2,4,150,1,2.5,L,1
6604,0.0,0.97,3287997.0,48500,31200.0,133,True,2,2,6,193,1,4.5,L,1
5845,4.66,5.5,4749943.0,18600,10800.0,29,True,0,1,0,34,0,2.5,U,0
8326,1.85,8.14,3288334.0,1200,1200.0,1,True,0,0,0,1,0,16.0,U,0
5630,3.55,3.71,11241632.0,18700,12300.0,45,True,8,0,11,180,1,5.0,U,0
5218,14.5,14.81,4748538.0,23000,14000.0,48,True,2,4,3,103,1,3.5,L,1
62032,0.12,1.04,12878146.0,6200,3800.0,36,True,0,0,0,36,0,3.5,U,0
3497,2.9,3.32,3286410.0,2000,2300.0,0,False,0,0,0,0,0,18.5,U,0
6601,0.92,2.06,3287989.0,37900,24500.0,145,True,5,4,12,275,1,4.5,L,1
2000,487.81,575.06,3286184.0,600,1000.0,13,True,0,0,0,13,0,35.0,U,0
8832,28.12,28.43,5156960.0,1500,1400.0,0,False,0,0,0,0,0,14.0,U,0
5630,3.38,3.55,11241631.0,22200,13300.0,66,True,6,2,10,186,1,3.0,U,0
5045,2.82,4.03,3287150.0,20400,12900.0,63,True,4,1,2,118,1,4.0,L,1
2000,482.2,482.43,3286181.0,850,1200.0,1,True,0,0,0,1,0,26.0,U,0
12000,277.68,471.94,6234656.0,60,160.0,5,True,1,0,1,20,0,65.0,U,0
5639,2.28,2.87,4747894.0,20700,13000.0,61,True,2,0,4,101,1,4.0,L,1
5204,0.0,1.44,3287199.0,12700,7200.0,28,True,0,1,0,33,0,2.5,L,1
10001,207.79,225.12,12113624.0,30,26.0,0,False,0,0,0,0,0,10.0,U,0
7000,51.5,53.97,5156392.0,3100,3300.0,6,True,2,0,2,36,0,16.0,U,0
6021,7.93,8.9,3287661.0,3600,2200.0,12,True,3,0,3,57,0,3.5,U,0
8000,160.09,161.02,13128141.0,2200,3100.0,0,False,0,0,0,0,0,27.5,U,0
6122,1.11,1.34,13146867.0,6600,4100.0,15,True,0,0,1,20,0,3.5,U,0
5200,4.46,5.53,3287173.0,8700,6800.0,17,True,0,1,1,27,0,8.5,U,0
62091,0.33,1.3,7344324.0,550,320.0,22,True,0,0,1,27,0,3.0,U,0
6012,4.54,4.79,4748875.0,27200,17500.0,16,True,1,0,1,31,0,4.5,U,0
8163,0.0,1.3,3288325.0,310,290.0,1,True,1,0,0,11,0,13.0,U,0
6033,7.55,9.91,3287693.0,37200,27400.0,203,True,6,5,10,338,1,7.5,L,1
67804,0.0,0.55,13115647.0,12700,9200.0,18,True,0,1,2,33,0,7.0,U,0
8400,302.02,302.99,3288358.0,4400,3500.0,4,True,0,0,0,4,0,9.5,U,0
6021,18.92,24.08,4689909.0,1300,800.0,15,True,1,0,3,40,0,3.5,U,0
6586,6.55,6.99,3287972.0,29900,17400.0,70,True,5,4,6,170,1,3.0,L,1
6000,23.44,27.3,7908163.0,340,250.0,23,True,2,0,6,73,1,7.5,U,0
2815,0.0,1.85,3286296.0,2800,1750.0,4,True,1,0,1,19,0,4.0,L,1
6592,4.37,5.62,3287980.0,26000,15100.0,66,True,4,2,5,141,1,2.5,U,0
4879,48.61,59.27,7690326.0,430,400.0,2,True,1,1,0,17,0,13.0,U,0
7200,55.66,58.48,3288183.0,11100,13800.0,7,True,1,0,1,22,0,21.5,L,1
5821,1.96,2.23,3713151.0,14900,8600.0,28,True,2,2,4,78,1,2.5,L,1
7200,31.99,32.57,11268426.0,24900,23800.0,2,True,0,0,0,2,0,13.5,L,1
4243,0.0,24.18,3286642.0,950,1000.0,5,True,0,0,0,5,0,18.0,U,0
6443,2.55,3.29,4450826.0,12400,6600.0,36,True,4,1,4,101,1,1.5,U,0
7200,35.74,41.53,3288181.0,15900,17400.0,25,True,3,0,0,55,0,17.5,L,1
4489,17.21,17.87,6382228.0,6100,3800.0,6,True,2,0,1,31,0,4.0,U,0
4243,24.62,26.71,3286644.0,2200,2200.0,6,True,0,0,0,6,0,15.0,U,0
6212,0.81,1.77,3287848.0,49400,29300.0,125,True,8,5,12,290,1,3.0,L,1
7200,58.48,58.88,3288184.0,7200,10200.0,1,True,0,0,0,1,0,27.0,L,1
4587,0.0,0.16,5155192.0,130,110.0,3,True,0,0,0,3,0,11.5,U,0
5648,4.72,5.22,3287443.0,37700,22700.0,38,True,1,2,1,63,0,3.5,L,1
6164,0.99,1.15,13147043.0,20000,12000.0,10,True,0,0,1,15,0,3.5,L,1
4567,0.0,0.6,7199063.0,140,180.0,0,False,0,0,0,0,0,22.0,U,0
4006,0.44,15.56,3286541.0,550,470.0,2,True,0,0,0,2,0,11.0,U,0
6158,1.68,1.9,11240766.0,14600,13900.0,49,True,1,0,7,94,1,13.5,L,1
5448,0.0,1.01,13107984.0,4200,4000.0,4,True,1,0,0,14,0,14.5,U,0
5221,1.67,3.43,3287259.0,33300,19300.0,220,True,5,2,14,350,1,2.5,U,0
4003,33.02,34.0,7620251.0,750,600.0,1,True,0,0,0,1,0,10.0,U,0
6152,0.83,1.34,11235459.0,11500,6700.0,35,True,0,0,9,80,1,3.0,L,1
8400,353.71,354.07,13426503.0,8800,6500.0,15,True,2,0,1,40,0,7.5,L,1
5430,0.0,0.89,3287353.0,16000,10200.0,36,True,1,1,3,66,0,4.5,L,1
4015,0.32,0.91,3286559.0,1500,1200.0,3,True,0,0,0,3,0,10.0,U,0
4127,0.0,0.23,3286607.0,4800,4700.0,6,True,0,0,1,11,0,14.5,U,0
8486,1.02,1.27,13460264.0,4200,2500.0,2,True,0,0,1,7,0,3.5,U,0
5609,1.72,2.87,3287373.0,21800,12400.0,46,True,4,1,4,111,1,2.5,L,1
4781,5.91,7.12,3287072.0,7400,4900.0,10,True,1,1,2,35,0,5.0,U,0
3335,0.93,20.72,3286368.0,270,320.0,5,True,0,0,0,5,0,20.5,U,0
3858,0.0,28.12,3286509.0,800,900.0,13,True,4,0,0,53,0,19.0,U,0
7700,99.61,100.04,3288273.0,1800,2900.0,0,False,0,0,0,0,0,33.5,U,0
8344,0.0,0.36,7686266.0,1300,850.0,3,True,0,0,0,3,0,5.5,U,0
60009,0.35,5.48,3288526.0,3400,2100.0,40,True,2,1,5,90,1,3.5,U,0
3486,13.58,37.86,6401943.0,1600,1700.0,7,True,1,0,0,17,0,17.5,U,0
6601,9.14,10.34,3901868.0,45200,27100.0,192,True,9,4,8,342,1,3.5,L,1
6012,4.79,5.57,3287639.0,27100,17500.0,58,True,2,1,4,103,1,4.5,U,0
1506,0.0,27.15,3286175.0,310,240.0,6,True,0,0,0,6,0,8.0,U,0
8000,161.02,178.23,12987498.0,3100,4100.0,17,True,4,2,0,67,0,24.0,U,0
62039,0.0,0.37,13149524.0,13100,9600.0,9,True,0,0,0,9,0,7.5,U,0
3500,0.0,0.79,3286417.0,16100,16300.0,18,True,0,0,2,28,0,15.5,L,1
6021,15.33,18.92,12877913.0,1000,600.0,18,True,6,1,7,118,1,3.0,U,0
62038,0.0,0.46,12878046.0,7600,5400.0,38,True,0,0,2,48,0,6.5,U,0
3492,20.98,35.7,3286401.0,800,1100.0,5,True,0,0,0,5,0,26.5,U,0
6012,5.57,6.47,3722900.0,26800,16800.0,71,True,0,5,2,106,1,4.0,U,0
6027,3.28,4.92,3287682.0,8400,5200.0,66,True,3,4,7,151,1,4.0,U,0
5200,5.53,7.0,3287174.0,15000,9700.0,35,True,1,1,2,60,0,4.5,U,0
62034,0.0,0.71,12877907.0,15000,13500.0,35,True,0,0,0,35,0,12.0,U,0
67806,0.0,0.08,13115650.0,12100,7300.0,2,True,1,0,1,17,0,3.5,U,0
6015,3.42,4.08,3809204.0,18900,10600.0,74,True,1,6,3,129,1,2.0,U,0
63000,0.0,1.52,4284286.0,2000,1300.0,5,True,0,0,1,10,0,4.5,U,0
3500,246.26,268.73,6400908.0,11200,13600.0,43,True,5,2,0,103,1,21.5,L,1
6021,0.95,7.93,4432013.0,650,420.0,50,True,6,1,19,210,1,4.0,U,0
2600,46.42,48.63,3286251.0,2300,2800.0,11,True,1,0,1,26,0,21.5,L,1
5218,0.65,2.45,3287222.0,26900,19900.0,115,True,4,4,10,225,1,7.5,L,1
3840,1.0,1.29,12899987.0,1100,1200.0,0,False,0,0,0,0,0,17.5,U,0
4640,0.5,0.9,4691867.0,10800,6200.0,32,True,3,1,4,87,1,2.5,U,0
7500,131.88,163.71,3288245.0,500,380.0,14,True,2,0,0,34,0,7.5,U,0
4521,0.0,0.52,3286892.0,3000,2300.0,6,True,0,0,1,11,0,8.5,U,0
36839,0.0,0.72,3288481.0,800,1100.0,3,True,1,0,1,18,0,25.0,U,0
4381,21.13,26.81,3286675.0,4000,3300.0,19,True,2,1,1,49,0,10.0,U,0
6212,0.0,0.81,3287847.0,35400,22200.0,49,True,0,3,6,94,1,4.0,L,1
3500,294.64,295.01,13646840.0,30500,28900.0,26,True,1,0,1,41,0,13.5,L,1
4609,1.61,1.67,4779995.0,15100,8800.0,16,True,0,1,1,26,0,3.0,U,0
35001,1.34,2.07,13403666.0,2900,3600.0,1,True,0,0,0,1,0,22.5,U,0
4399,0.0,0.36,3286706.0,18100,11400.0,27,True,3,0,3,72,1,4.0,U,0
8646,2.41,14.72,3288407.0,1300,1400.0,1,True,0,0,0,1,0,16.0,U,0
4489,9.3,9.58,3286777.0,24900,14400.0,46,True,1,1,3,76,1,2.5,L,1
4252,0.0,0.24,3286652.0,1100,1100.0,2,True,0,0,0,2,0,14.5,U,0
6444,0.0,0.14,3287895.0,12100,6500.0,5,True,0,1,0,10,0,1.5,U,0
8492,0.0,12.98,6387025.0,420,480.0,0,False,0,0,0,0,0,19.0,U,0
